<?xml version='1.0'?> <home version='7400' exportFlags='17' name='RA0001.glb' camera='topCamera' selectedLevel='level-f25834cb-b651-4539-ac4d-6bf8a7c210db' jbxsy3dnivasHeight='121.92'> <environment groundColor='00A8A8A8' skyColor='00CCE4FC' lightColor='00D0D0D0'> <twfrs3dnivas attribute='groundTexture' name='8245' width='20.32' height='13.8176' image='0'/> <twfrs3dnivas attribute='skyTexture' name='8245' width='20.32' height='13.8176' image='0'/> </environment> <observerCamera attribute='observerCamera' lens='PINHOLE' x='50.0' y='50.0' z='805.0' yaw='5.4977875' pitch='0.19634955' fieldOfView='1.0995575' time='1662120000000' fixedSize='true'/> <camera attribute='topCamera' lens='PINHOLE' x='781.38794' y='471.25757' z='2295.1216' yaw='1.6215956' pitch='1.255' fieldOfView='1.0995575' time='1662109200783'/> <level id='level-88247858-5aa4-4592-9533-2280b1b01ef7' name='Level 1' elevation='25.4' floorThickness='25.4' height='304.8' elevationIndex='0'/> <level id='level-b777f3cc-50b1-4386-9258-0f5ad10ab0ac' name='Level 2' elevation='330.19998' floorThickness='25.4' height='304.8' elevationIndex='0'/> <level id='level-f25834cb-b651-4539-ac4d-6bf8a7c210db' name='Level 3' elevation='635.0' floorThickness='25.4' height='121.92' elevationIndex='0'/> <psughvfs3dnivas level='level-b777f3cc-50b1-4386-9258-0f5ad10ab0ac' catalogId='eTeks#texturableBox' name='Box' creator='eTeks' model='2/texturableBox.obj' x='396.27264' y='787.5452' width='87.63' depth='15.24' height='15.24' modelSize='1661'> <twfrs3dnivas name='Pooja room' creator='Narasimha R' width='81.28' height='54.186665' image='3'/> </psughvfs3dnivas> <psughvfs3dnivas level='level-88247858-5aa4-4592-9533-2280b1b01ef7' name='Sofa 4' creator='Narasimah R' model='5/Sofa%204.dae.obj' x='110.51372' y='202.09149' angle='4.712389' width='198.12' depth='71.119995' height='86.042496' modelSize='49943'> <mdyf5dw3dnivas name='Color_M00'> <twfrs3dnivas name='Sofa Lather' width='30.48' height='45.992146' image='6'/> </mdyf5dw3dnivas> <mdyf5dw3dnivas name='mdyf5dw3dnivas'> <twfrs3dnivas name='Sofa Lather' width='30.48' height='45.992146' image='6'/> </mdyf5dw3dnivas> </psughvfs3dnivas> <psughvfs3dnivas level='level-88247858-5aa4-4592-9533-2280b1b01ef7' name='Sofa Single' creator='Narasimah R' model='8/Sofa%20Single.dae.obj' x='187.7312' y='54.232525' angle='1.7484555E-7' width='86.6775' depth='71.119995' height='86.994995' modelFlags='2' modelSize='49127'> <mdyf5dw3dnivas name='Color_M00'> <twfrs3dnivas name='Sofa Lather' width='30.48' height='45.992146' image='6'/> </mdyf5dw3dnivas> <mdyf5dw3dnivas name='mdyf5dw3dnivas'> <twfrs3dnivas name='Sofa Lather' width='30.48' height='45.992146' image='6'/> </mdyf5dw3dnivas> </psughvfs3dnivas> <psughvfs3dnivas level='level-88247858-5aa4-4592-9533-2280b1b01ef7' name='Sofa Single' creator='Narasimah R' model='8/Sofa%20Single.dae.obj' x='280.55484' y='54.232525' angle='1.7484555E-7' width='86.6775' depth='71.119995' height='86.994995' modelFlags='2' modelSize='49127'> <mdyf5dw3dnivas name='Color_M00'> <twfrs3dnivas name='Sofa Lather' width='30.48' height='45.992146' image='6'/> </mdyf5dw3dnivas> <mdyf5dw3dnivas name='mdyf5dw3dnivas'> <twfrs3dnivas name='Sofa Lather' width='30.48' height='45.992146' image='6'/> </mdyf5dw3dnivas> </psughvfs3dnivas> <psughvfs3dnivas level='level-b777f3cc-50b1-4386-9258-0f5ad10ab0ac' catalogId='eTeks#texturableBox' name='Box' creator='eTeks' model='2/texturableBox.obj' x='155.18141' y='764.7807' elevation='86.36' angle='1.5707964' width='60.642498' depth='60.642498' height='2.54' modelSize='1661'> <mdyf5dw3dnivas name='back' color='FF030000'/> <mdyf5dw3dnivas name='bottom' color='FF030000'/> <mdyf5dw3dnivas name='front' color='FF030000'/> <mdyf5dw3dnivas name='left' color='FF030000'/> <mdyf5dw3dnivas name='right' color='FF030000'/> <mdyf5dw3dnivas name='top'> <twfrs3dnivas name='stove' width='60.96' height='60.96' image='9'/> </mdyf5dw3dnivas> </psughvfs3dnivas> <psughvfs3dnivas level='level-b777f3cc-50b1-4386-9258-0f5ad10ab0ac' name='Toilet' creator='Narasimah R' model='11/Toilet.dae.obj' x='96.16245' y='331.82144' angle='4.712389' width='40.3225' depth='45.085' height='99.06' modelFlags='2' modelSize='300294'/> <dkhuy3dnivas level='level-b777f3cc-50b1-4386-9258-0f5ad10ab0ac' catalogId='Scopia#door' name='Door' creator='Scopia' model='13/door.obj' x='231.79434' y='345.24738' angle='1.5707963' width='76.20001' depth='65.72249' height='213.36' modelSize='146649' movable='false' cutOutShape='M0,0 v1 h1 v-1 z' jbxsy3dnivasCutOutOnBothSides='true' jbxsy3dnivasLeft='-1.00123295E-7'> <mdyf5dw3dnivas name='metal-gonds'> <twfrs3dnivas name='Wood' width='81.28' height='58.521603' image='14'/> </mdyf5dw3dnivas> <mdyf5dw3dnivas name='metal-handle' color='FFD69700'/> <mdyf5dw3dnivas name='white-door'> <twfrs3dnivas name='Wood' width='81.28' height='58.521603' image='14'/> </mdyf5dw3dnivas> <mdyf5dw3dnivas name='white-frame'> <twfrs3dnivas name='Wood' width='81.28' height='58.521603' image='14'/> </mdyf5dw3dnivas> <transformation name='sweethome3d_hinge_1' matrix='0.40262848 0 1.1509966 -1.4413646 0 1 0 0 -0.7279694 0 0.40262848 1.465618'/> </dkhuy3dnivas> <fndgyfs3dnivas level='level-88247858-5aa4-4592-9533-2280b1b01ef7' name='Group -2-' x='194.93665' y='484.80508' angle='4.712389' width='160.01996' depth='242.63333' height='304.8' movable='false'> <psughvfs3dnivas level='level-88247858-5aa4-4592-9533-2280b1b01ef7' name='2 Steps Landing' creator='Narasimah R' model='16/3%20x%203%202%20Step%20Sq%20Landing.dae.obj' x='112.32568' y='524.1196' elevation='118.533325' angle='4.712389' width='79.858925' depth='77.411446' height='33.866665' modelFlags='2' modelSize='14550' movable='false' staircaseCutOutShape='M0,0 v1 h1 v-1 z'> <mdyf5dw3dnivas name='mdyf5dw3dnivas_5'> <twfrs3dnivas name='2_Steps.dae_mdyf5dw3dnivas_5' creator='Narasimah R' width='-1.0' height='-1.0' scale='5.0' image='17'/> </mdyf5dw3dnivas> </psughvfs3dnivas> <psughvfs3dnivas level='level-88247858-5aa4-4592-9533-2280b1b01ef7' name='2 Steps Landing' creator='Narasimah R' model='16/3%20x%203%202%20Step%20Sq%20Landing.dae.obj' x='112.32568' y='444.72458' elevation='152.4' width='77.411446' depth='79.858925' height='33.866665' modelFlags='2' modelSize='14550' movable='false' staircaseCutOutShape='M0,0 v1 h1 v-1 z'> <mdyf5dw3dnivas name='mdyf5dw3dnivas_5'> <twfrs3dnivas name='2_Steps.dae_mdyf5dw3dnivas_5' creator='Narasimah R' width='-1.0' height='-1.0' scale='5.0' image='17'/> </mdyf5dw3dnivas> </psughvfs3dnivas> <psughvfs3dnivas level='level-88247858-5aa4-4592-9533-2280b1b01ef7' name='07 Steps' creator='Narasimha R' model='19/7%20Steps.dae.obj' x='234.64873' y='524.8856' angle='4.712389' width='79.858925' depth='163.20912' height='118.533325' modelSize='31711' movable='false' staircaseCutOutShape='M0,0 v1 h1 v-1 z'> <mdyf5dw3dnivas name='mdyf5dw3dnivas_5'> <twfrs3dnivas name='2_Steps.dae_mdyf5dw3dnivas_5' creator='Narasimha R' width='-1.0' height='-1.0' scale='5.0' image='17'/> </mdyf5dw3dnivas> </psughvfs3dnivas> <psughvfs3dnivas level='level-88247858-5aa4-4592-9533-2280b1b01ef7' name='07 Steps' creator='Narasimha R' model='19/7%20Steps.dae.obj' x='234.14606' y='444.82425' elevation='186.26665' angle='1.5707964' width='79.858925' depth='163.20912' height='118.533325' modelSize='31711' movable='false' staircaseCutOutShape='M0,0 v1 h1 v-1 z'> <mdyf5dw3dnivas name='mdyf5dw3dnivas_5'> <twfrs3dnivas name='2_Steps.dae_mdyf5dw3dnivas_5' creator='Narasimha R' width='-1.0' height='-1.0' scale='5.0' image='17'/> </mdyf5dw3dnivas> </psughvfs3dnivas> </fndgyfs3dnivas> <psughvfs3dnivas level='level-b777f3cc-50b1-4386-9258-0f5ad10ab0ac' name='Railings' creator='Narasimah R' model='21/Railings.dae.obj' x='256.49997' y='911.31024' width='365.76' depth='5.08' height='111.759995' modelSize='4425'/> <psughvfs3dnivas level='level-f25834cb-b651-4539-ac4d-6bf8a7c210db' name='Toilet' creator='Narasimah R' model='11/Toilet.dae.obj' x='94.823074' y='324.01437' angle='4.712389' width='40.3225' depth='45.085' height='99.06' modelFlags='2' modelSize='300294'/> <fndgyfs3dnivas level='level-f25834cb-b651-4539-ac4d-6bf8a7c210db' name='Group -2-' x='194.93665' y='484.80508' angle='4.712389' width='160.01996' depth='242.63333' height='304.8' movable='false'> <psughvfs3dnivas level='level-f25834cb-b651-4539-ac4d-6bf8a7c210db' name='2 Steps Landing' creator='Narasimah R' model='16/3%20x%203%202%20Step%20Sq%20Landing.dae.obj' x='112.32568' y='524.1196' elevation='118.533325' angle='4.712389' width='79.858925' depth='77.411446' height='33.866665' modelFlags='2' modelSize='14550' movable='false' staircaseCutOutShape='M0,0 v1 h1 v-1 z'> <mdyf5dw3dnivas name='mdyf5dw3dnivas_5'> <twfrs3dnivas name='2_Steps.dae_mdyf5dw3dnivas_5' creator='Narasimah R' width='-1.0' height='-1.0' scale='5.0' image='17'/> </mdyf5dw3dnivas> </psughvfs3dnivas> <psughvfs3dnivas level='level-f25834cb-b651-4539-ac4d-6bf8a7c210db' name='2 Steps Landing' creator='Narasimah R' model='16/3%20x%203%202%20Step%20Sq%20Landing.dae.obj' x='112.32568' y='444.72458' elevation='152.4' width='77.411446' depth='79.858925' height='33.866665' modelFlags='2' modelSize='14550' movable='false' staircaseCutOutShape='M0,0 v1 h1 v-1 z'> <mdyf5dw3dnivas name='mdyf5dw3dnivas_5'> <twfrs3dnivas name='2_Steps.dae_mdyf5dw3dnivas_5' creator='Narasimah R' width='-1.0' height='-1.0' scale='5.0' image='17'/> </mdyf5dw3dnivas> </psughvfs3dnivas> <psughvfs3dnivas level='level-f25834cb-b651-4539-ac4d-6bf8a7c210db' name='07 Steps' creator='Narasimha R' model='19/7%20Steps.dae.obj' x='234.64873' y='524.8856' angle='4.712389' width='79.858925' depth='163.20912' height='118.533325' modelSize='31711' movable='false' staircaseCutOutShape='M0,0 v1 h1 v-1 z'> <mdyf5dw3dnivas name='mdyf5dw3dnivas_5'> <twfrs3dnivas name='2_Steps.dae_mdyf5dw3dnivas_5' creator='Narasimha R' width='-1.0' height='-1.0' scale='5.0' image='17'/> </mdyf5dw3dnivas> </psughvfs3dnivas> <psughvfs3dnivas level='level-f25834cb-b651-4539-ac4d-6bf8a7c210db' name='07 Steps' creator='Narasimha R' model='19/7%20Steps.dae.obj' x='234.14606' y='444.82425' elevation='186.26665' angle='1.5707964' width='79.858925' depth='163.20912' height='118.533325' modelSize='31711' movable='false' staircaseCutOutShape='M0,0 v1 h1 v-1 z'> <mdyf5dw3dnivas name='mdyf5dw3dnivas_5'> <twfrs3dnivas name='2_Steps.dae_mdyf5dw3dnivas_5' creator='Narasimha R' width='-1.0' height='-1.0' scale='5.0' image='17'/> </mdyf5dw3dnivas> </psughvfs3dnivas> </fndgyfs3dnivas> <psughvfs3dnivas level='level-f25834cb-b651-4539-ac4d-6bf8a7c210db' name='Toilet' creator='Narasimah R' model='11/Toilet.dae.obj' x='94.82308' y='620.17786' angle='4.712389' width='40.3225' depth='45.085' height='99.06' modelFlags='2' modelSize='300294'/> <fndgyfs3dnivas level='level-b777f3cc-50b1-4386-9258-0f5ad10ab0ac' name='Group -2-' x='194.93658' y='486.4733' angle='4.712389' width='160.01996' depth='242.6333' height='304.8' movable='false'> <psughvfs3dnivas level='level-b777f3cc-50b1-4386-9258-0f5ad10ab0ac' name='2 Steps Landing' creator='Narasimah R' model='16/3%20x%203%202%20Step%20Sq%20Landing.dae.obj' x='112.32564' y='525.78784' elevation='118.533325' angle='4.712389' width='79.858925' depth='77.411446' height='33.866665' modelFlags='2' modelSize='14550' movable='false' staircaseCutOutShape='M0,0 v1 h1 v-1 z'> <mdyf5dw3dnivas name='mdyf5dw3dnivas_5'> <twfrs3dnivas name='2_Steps.dae_mdyf5dw3dnivas_5' creator='Narasimah R' width='-1.0' height='-1.0' scale='5.0' image='17'/> </mdyf5dw3dnivas> </psughvfs3dnivas> <psughvfs3dnivas level='level-b777f3cc-50b1-4386-9258-0f5ad10ab0ac' name='2 Steps Landing' creator='Narasimah R' model='16/3%20x%203%202%20Step%20Sq%20Landing.dae.obj' x='112.32564' y='446.3928' elevation='152.4' width='77.411446' depth='79.858925' height='33.866665' modelFlags='2' modelSize='14550' movable='false' staircaseCutOutShape='M0,0 v1 h1 v-1 z'> <mdyf5dw3dnivas name='mdyf5dw3dnivas_5'> <twfrs3dnivas name='2_Steps.dae_mdyf5dw3dnivas_5' creator='Narasimah R' width='-1.0' height='-1.0' scale='5.0' image='17'/> </mdyf5dw3dnivas> </psughvfs3dnivas> <psughvfs3dnivas level='level-b777f3cc-50b1-4386-9258-0f5ad10ab0ac' name='07 Steps' creator='Narasimha R' model='19/7%20Steps.dae.obj' x='234.64868' y='526.55383' angle='4.712389' width='79.858925' depth='163.20912' height='118.533325' modelSize='31711' movable='false' staircaseCutOutShape='M0,0 v1 h1 v-1 z'> <mdyf5dw3dnivas name='mdyf5dw3dnivas_5'> <twfrs3dnivas name='2_Steps.dae_mdyf5dw3dnivas_5' creator='Narasimha R' width='-1.0' height='-1.0' scale='5.0' image='17'/> </mdyf5dw3dnivas> </psughvfs3dnivas> <psughvfs3dnivas level='level-b777f3cc-50b1-4386-9258-0f5ad10ab0ac' name='07 Steps' creator='Narasimha R' model='19/7%20Steps.dae.obj' x='234.14601' y='446.49246' elevation='186.26665' angle='1.5707964' width='79.858925' depth='163.20912' height='118.533325' modelSize='31711' movable='false' staircaseCutOutShape='M0,0 v1 h1 v-1 z'> <mdyf5dw3dnivas name='mdyf5dw3dnivas_5'> <twfrs3dnivas name='2_Steps.dae_mdyf5dw3dnivas_5' creator='Narasimha R' width='-1.0' height='-1.0' scale='5.0' image='17'/> </mdyf5dw3dnivas> </psughvfs3dnivas> </fndgyfs3dnivas> <dkhuy3dnivas level='level-88247858-5aa4-4592-9533-2280b1b01ef7' name='Door Frame' creator='Narasimha R' model='23/Door%20Frame.dae.obj' x='385.91873' y='575.43634' angle='3.1415927' width='106.68' depth='15.240749' height='208.28' modelFlags='2' modelSize='27291' movable='false' jbxsy3dnivasCutOutOnBothSides='true'/> <psughvfs3dnivas level='level-88247858-5aa4-4592-9533-2280b1b01ef7' name='Carpet' creator='Narasimha R' model='25/Carpet.dae.obj' x='231.8846' y='205.36255' angle='1.5707964' width='231.14' widthInPlan='231.14001' depth='185.42' depthInPlan='185.42001' height='0.635' modelSize='42029'/> <fndgyfs3dnivas level='level-88247858-5aa4-4592-9533-2280b1b01ef7' name='Group -1-' x='227.31412' y='194.96634' elevation='0.635' angle='4.712389' width='106.67999' depth='67.94501' height='81.91499'> <psughvfs3dnivas level='level-88247858-5aa4-4592-9533-2280b1b01ef7' name='Plant 1' creator='Narasimha R' model='27/Plant%206.dae.obj' x='225.19968' y='166.71786' elevation='50.799995' angle='4.712389' width='15.24' widthInPlan='15.239998' depth='17.779999' height='31.75' heightInPlan='31.749998' modelFlags='2' modelSize='212462'> <mdyf5dw3dnivas name='Color_C04'> <twfrs3dnivas name='Pooja room' creator='Narasimha R' width='81.28' height='54.186665' image='3'/> </mdyf5dw3dnivas> <mdyf5dw3dnivas name='Color_M08'> <twfrs3dnivas name='Pot Texture Design' width='30.48' height='30.480001' image='28'/> </mdyf5dw3dnivas> </psughvfs3dnivas> <psughvfs3dnivas level='level-88247858-5aa4-4592-9533-2280b1b01ef7' name='Magzin' creator='Narasimha R' model='30/Magzin.dae.obj' x='227.57362' y='208.76537' elevation='41.909996' angle='2.0943952' width='19.05' depth='27.939999' height='0.635' modelSize='11568'/> <psughvfs3dnivas level='level-88247858-5aa4-4592-9533-2280b1b01ef7' name='Coffee Table' creator='Narasimha R' model='32/Coffee%20Table.dae.obj' x='227.31412' y='194.96634' elevation='0.635' angle='4.712389' width='106.68' depth='67.945' height='41.274998' modelSize='17481'/> </fndgyfs3dnivas> <fndgyfs3dnivas level='level-88247858-5aa4-4592-9533-2280b1b01ef7' name='Group -2-' x='431.83124' y='190.28093' angle='1.5707964' width='167.64001' depth='22.860016' height='82.549995'> <psughvfs3dnivas level='level-88247858-5aa4-4592-9533-2280b1b01ef7' name='TV Stand' creator='Narasimah R' model='34/TV%20Stand.dae.obj' x='431.83124' y='190.28094' angle='1.5707964' width='167.64' depth='22.86' height='50.8' modelSize='32976'> <mdyf5dw3dnivas name='mdyf5dw3dnivas_1'> <twfrs3dnivas name='TV Stand 2' width='60.96' height='60.96' image='35'/> </mdyf5dw3dnivas> </psughvfs3dnivas> <psughvfs3dnivas level='level-88247858-5aa4-4592-9533-2280b1b01ef7' name='Plant 1' creator='Narasimha R' model='27/Plant%206.dae.obj' x='434.3712' y='123.427' elevation='50.799995' angle='4.712389' width='15.24' widthInPlan='15.239998' depth='17.779999' height='31.75' heightInPlan='31.749998' modelFlags='2' modelSize='212462'> <mdyf5dw3dnivas name='Color_C04'> <twfrs3dnivas name='Pooja room' creator='Narasimha R' width='81.28' height='54.186665' image='3'/> </mdyf5dw3dnivas> <mdyf5dw3dnivas name='Color_M08'> <twfrs3dnivas name='Pot Texture Design' width='30.48' height='30.480001' image='28'/> </mdyf5dw3dnivas> </psughvfs3dnivas> </fndgyfs3dnivas> <psughvfs3dnivas level='level-88247858-5aa4-4592-9533-2280b1b01ef7' name='TV' creator='Narasimah R' model='37/TV.dae.obj' x='441.99124' y='207.4177' elevation='73.659996' angle='1.5707964' width='99.06' depth='2.54' height='61.594997' modelSize='13865'> <mdyf5dw3dnivas name='Color_M09' color='FF757575'/> <mdyf5dw3dnivas name='_Color_L03_'> <twfrs3dnivas name='3D Nivas 2 small' creator='Narasimha R' width='81.28' height='60.689064' image='38'/> </mdyf5dw3dnivas> </psughvfs3dnivas> <psughvfs3dnivas level='level-88247858-5aa4-4592-9533-2280b1b01ef7' name='Plant 6' creator='Narasimha R' model='39/Plant%206.dae.obj' x='421.98877' y='38.516266' angle='1.5707964' width='39.6875' depth='42.545' height='107.314995' modelFlags='2' modelSize='212523'/> <psughvfs3dnivas level='level-88247858-5aa4-4592-9533-2280b1b01ef7' name='Plant 6' creator='Narasimha R' model='39/Plant%206.dae.obj' x='422.08414' y='879.1608' angle='3.1415927' width='39.6875' depth='42.545' height='107.314995' modelFlags='2' modelSize='212523'/> <psughvfs3dnivas level='level-88247858-5aa4-4592-9533-2280b1b01ef7' name='Plant 6' creator='Narasimha R' model='39/Plant%206.dae.obj' x='33.83709' y='879.1608' angle='3.1415927' width='39.6875' depth='42.545' height='107.314995' modelFlags='2' modelSize='212523'/> <dkhuy3dnivas level='level-88247858-5aa4-4592-9533-2280b1b01ef7' name='5 White Window' creator='Narasimha R' model='41/5%20White%20Window.dae.obj' x='67.333336' y='300.0579' elevation='35.559998' angle='1.5707964' width='208.28' depth='15.240749' height='177.8' modelSize='15923' movable='false' jbxsy3dnivasCutOutOnBothSides='true'/> <dkhuy3dnivas level='level-88247858-5aa4-4592-9533-2280b1b01ef7' name='2 White Window' creator='Narasimha R' model='43/2%20White%20Window.dae.obj' x='275.37872' y='575.4363' elevation='35.559998' angle='1.5968821E-7' width='86.36' depth='15.240749' height='177.8' modelSize='6709' movable='false' jbxsy3dnivasCutOutOnBothSides='true'/> <dkhuy3dnivas level='level-88247858-5aa4-4592-9533-2280b1b01ef7' name='Gate' creator='Narasimha R' model='45/Gate.dae.obj' x='121.158714' y='908.05334' angle='1.7484555E-7' width='121.92' depth='15.240749' height='127.0' modelSize='20401' movable='false' jbxsy3dnivasCutOutOnBothSides='true'/> <dkhuy3dnivas level='level-88247858-5aa4-4592-9533-2280b1b01ef7' name='Gate' creator='Narasimha R' model='45/Gate.dae.obj' x='243.0787' y='908.05334' angle='1.7484555E-7' width='121.92' depth='15.240749' height='127.0' modelSize='20401' movable='false' jbxsy3dnivasCutOutOnBothSides='true'/> <psughvfs3dnivas level='level-88247858-5aa4-4592-9533-2280b1b01ef7' name='Foot Mat' creator='Narasimah R' model='47/Foot%20Mat.dae.obj' x='384.07874' y='603.3767' angle='1.5968821E-7' width='111.759995' depth='40.64' depthInPlan='40.639996' height='0.635' modelSize='15089'/> <dkhuy3dnivas level='level-b777f3cc-50b1-4386-9258-0f5ad10ab0ac' name='Door Frame' creator='Narasimha R' model='23/Door%20Frame.dae.obj' x='384.58536' y='395.8267' width='91.44' depth='15.240749' height='208.28' modelFlags='2' modelSize='27291' movable='false' jbxsy3dnivasCutOutOnBothSides='true'/> <dkhuy3dnivas level='level-b777f3cc-50b1-4386-9258-0f5ad10ab0ac' name='Door Frame' creator='Narasimha R' model='23/Door%20Frame.dae.obj' x='397.9187' y='698.2616' width='86.36' depth='15.240749' height='208.28' modelFlags='2' modelSize='27291' movable='false' jbxsy3dnivasCutOutOnBothSides='true'/> <dkhuy3dnivas level='level-b777f3cc-50b1-4386-9258-0f5ad10ab0ac' name='Door Frame' creator='Narasimha R' model='23/Door%20Frame.dae.obj' x='295.25204' y='802.7219' width='76.2' depth='15.240749' height='208.28' modelFlags='2' modelSize='27291' movable='false' jbxsy3dnivasCutOutOnBothSides='true'/> <psughvfs3dnivas level='level-b777f3cc-50b1-4386-9258-0f5ad10ab0ac' name='Kitchen Sink' model='49/Kitchen%20Sink.dae.obj' x='104.2587' y='621.09326' angle='4.712389' width='78.74' depth='61.2775' height='103.505' modelSize='87955'/> <psughvfs3dnivas level='level-b777f3cc-50b1-4386-9258-0f5ad10ab0ac' name='Wodreop 3part Door' creator='Narasimha R' model='51/Wodreop%203part%20Door.dae.obj' x='208.87265' y='764.62195' angle='3.1415927' width='78.74' depth='60.96' height='86.36' modelFlags='2' modelSize='46083'/> <psughvfs3dnivas level='level-b777f3cc-50b1-4386-9258-0f5ad10ab0ac' name='Wodreop 2 Door' creator='Narasimha R' model='53/Wodreop%202%20Door.dae.obj' x='130.13266' y='764.4632' angle='3.1415927' width='78.74' depth='61.2775' height='86.36' modelSize='28968'/> <psughvfs3dnivas level='level-b777f3cc-50b1-4386-9258-0f5ad10ab0ac' name='Wodreop 2 Door' creator='Narasimha R' model='53/Wodreop%202%20Door.dae.obj' x='104.25871' y='755.73193' angle='4.712389' width='78.74' depth='61.2775' height='86.36' modelSize='28968'/> <psughvfs3dnivas level='level-b777f3cc-50b1-4386-9258-0f5ad10ab0ac' name='Wodreop 2 Door' creator='Narasimha R' model='53/Wodreop%202%20Door.dae.obj' x='104.258705' y='699.83325' angle='4.712389' width='78.74' depth='61.2775' height='86.36' modelSize='28968'/> <psughvfs3dnivas level='level-b777f3cc-50b1-4386-9258-0f5ad10ab0ac' name='Refrigerator' creator='Narasimha R' model='55/Reffrigreter.dae.obj' x='256.01202' y='612.362' width='60.96' depth='61.2775' height='182.88' modelSize='26845'/> <psughvfs3dnivas level='level-b777f3cc-50b1-4386-9258-0f5ad10ab0ac' name='Bed 2' creator='Narasimha R' model='57/Bed%202.dae.obj' x='186.49536' y='123.066696' angle='1.7484555E-7' width='175.26' depth='213.36' height='96.52' modelSize='123041'/> <psughvfs3dnivas level='level-b777f3cc-50b1-4386-9258-0f5ad10ab0ac' name='Bedroom Wodrop' creator='Narasimha R' model='59/Bedroom%20Wodrop.dae.obj' x='413.4481' y='69.72668' angle='1.5707964' width='106.68' depth='54.2925' height='182.88' modelFlags='2' modelSize='62332'/> <psughvfs3dnivas level='level-b777f3cc-50b1-4386-9258-0f5ad10ab0ac' name='Bedroom Wodrop' creator='Narasimha R' model='59/Bedroom%20Wodrop.dae.obj' x='413.4481' y='176.40668' angle='1.5707964' width='106.68' depth='54.2925' height='182.88' modelFlags='2' modelSize='62332'/> <dkhuy3dnivas level='level-b777f3cc-50b1-4386-9258-0f5ad10ab0ac' name='2 Bathrroom Window' creator='Narasimha R' model='43/2%20White%20Window.dae.obj' x='184.71204' y='802.7219' elevation='137.16' width='86.36' depth='15.240749' height='76.2' modelSize='6709' movable='false' jbxsy3dnivasCutOutOnBothSides='true'/> <dkhuy3dnivas level='level-b777f3cc-50b1-4386-9258-0f5ad10ab0ac' name='2 Bathrroom Window' creator='Narasimha R' model='43/2%20White%20Window.dae.obj' x='65.999954' y='668.4312' elevation='137.16' angle='1.5707963' width='86.36' depth='15.240749' height='76.2' modelSize='6709' movable='false' jbxsy3dnivasCutOutOnBothSides='true'/> <dkhuy3dnivas level='level-b777f3cc-50b1-4386-9258-0f5ad10ab0ac' name='2 Bathrroom Window' creator='Narasimha R' model='43/2%20White%20Window.dae.obj' x='65.999954' y='328.7379' elevation='137.16' angle='1.5707964' width='86.36' depth='15.240749' height='76.2' modelSize='6709' movable='false' jbxsy3dnivasCutOutOnBothSides='true'/> <dkhuy3dnivas level='level-b777f3cc-50b1-4386-9258-0f5ad10ab0ac' name='4 White Window' creator='Narasimha R' model='62/4%20White%20Window.dae.obj' x='65.99996' y='143.7379' elevation='35.559998' angle='1.5707964' width='167.64' depth='15.240749' height='177.8' modelSize='12721' movable='false' jbxsy3dnivasCutOutOnBothSides='true'/> <psughvfs3dnivas level='level-f25834cb-b651-4539-ac4d-6bf8a7c210db' name='Single Bed' creator='Narasimha R' model='64/Single%20Bed.dae.obj' x='171.84056' y='735.0224' angle='4.712389' width='91.44' depth='198.12' height='96.52' modelSize='112078'/> <psughvfs3dnivas level='level-f25834cb-b651-4539-ac4d-6bf8a7c210db' name='Bed 2' creator='Narasimha R' model='57/Bed%202.dae.obj' x='183.82874' y='121.360016' angle='1.7484555E-7' width='175.26' depth='213.36' height='96.52' modelSize='123041'/> <psughvfs3dnivas level='level-f25834cb-b651-4539-ac4d-6bf8a7c210db' name='Bedroom Wodrop' creator='Narasimha R' model='59/Bedroom%20Wodrop.dae.obj' x='413.4481' y='69.72668' angle='1.5707964' width='106.68' depth='54.2925' height='182.88' modelFlags='2' modelSize='62332'/> <psughvfs3dnivas level='level-f25834cb-b651-4539-ac4d-6bf8a7c210db' name='Bedroom Wodrop' creator='Narasimha R' model='59/Bedroom%20Wodrop.dae.obj' x='413.4481' y='176.40668' angle='1.5707964' width='106.68' depth='54.2925' height='182.88' modelFlags='2' modelSize='62332'/> <psughvfs3dnivas level='level-f25834cb-b651-4539-ac4d-6bf8a7c210db' name='Bedroom Wodrop' creator='Narasimha R' model='59/Bedroom%20Wodrop.dae.obj' x='397.31543' y='857.4539' angle='3.1415927' width='83.82' depth='55.879997' depthInPlan='55.879993' height='182.88' heightInPlan='182.88002' modelFlags='2' modelSize='62332'/> <psughvfs3dnivas level='level-f25834cb-b651-4539-ac4d-6bf8a7c210db' name='Bedroom Wodrop' creator='Narasimha R' model='59/Bedroom%20Wodrop.dae.obj' x='318.57544' y='857.4539' angle='3.1415927' width='73.659996' depth='55.879997' height='182.88' modelFlags='2' modelSize='62332'/> <dkhuy3dnivas level='level-f25834cb-b651-4539-ac4d-6bf8a7c210db' name='Door Frame' creator='Narasimha R' model='23/Door%20Frame.dae.obj' x='385.91873' y='680.3934' width='91.44' depth='15.240749' height='208.28' modelFlags='2' modelSize='27291' movable='false' jbxsy3dnivasCutOutOnBothSides='true'/> <dkhuy3dnivas level='level-f25834cb-b651-4539-ac4d-6bf8a7c210db' name='Door Frame' creator='Narasimha R' model='23/Door%20Frame.dae.obj' x='388.5854' y='394.12003' angle='3.1415927' width='91.44' depth='15.240749' height='208.28' modelFlags='2' modelSize='27291' movable='false' jbxsy3dnivasCutOutOnBothSides='true'/> <dkhuy3dnivas level='level-f25834cb-b651-4539-ac4d-6bf8a7c210db' name='Door Frame' creator='Narasimha R' model='23/Door%20Frame.dae.obj' x='308.49814' y='625.63794' angle='1.5707964' width='76.2' depth='15.240749' height='208.28' modelFlags='2' modelSize='27291' movable='false' jbxsy3dnivasCutOutOnBothSides='true'/> <dkhuy3dnivas level='level-f25834cb-b651-4539-ac4d-6bf8a7c210db' name='Door Frame' creator='Narasimha R' model='23/Door%20Frame.dae.obj' x='262.79886' y='325.6379' angle='1.5707964' width='76.2' depth='15.240749' height='208.28' modelFlags='2' modelSize='27291' movable='false' jbxsy3dnivasCutOutOnBothSides='true'/> <dkhuy3dnivas level='level-f25834cb-b651-4539-ac4d-6bf8a7c210db' name='4 White Window' creator='Narasimha R' model='62/4%20White%20Window.dae.obj' x='180.01874' y='893.0139' elevation='35.559998' width='167.64' depth='15.240749' height='177.8' modelSize='12721' movable='false' jbxsy3dnivasCutOutOnBothSides='true'/> <dkhuy3dnivas level='level-f25834cb-b651-4539-ac4d-6bf8a7c210db' name='2 White Window' creator='Narasimha R' model='43/2%20White%20Window.dae.obj' x='64.66058' y='831.0979' elevation='35.559998' angle='1.5707963' width='86.36' depth='15.240749' height='177.8' modelSize='6709' movable='false' jbxsy3dnivasCutOutOnBothSides='true'/> <dkhuy3dnivas level='level-f25834cb-b651-4539-ac4d-6bf8a7c210db' name='2 Bathrroom Window' creator='Narasimha R' model='43/2%20White%20Window.dae.obj' x='64.66058' y='628.4312' elevation='137.16' angle='1.5707964' width='86.36' depth='15.240749' height='76.2' modelSize='6709' movable='false' jbxsy3dnivasCutOutOnBothSides='true'/> <dkhuy3dnivas level='level-f25834cb-b651-4539-ac4d-6bf8a7c210db' name='2 Bathrroom Window' creator='Narasimha R' model='43/2%20White%20Window.dae.obj' x='64.660576' y='336.43124' elevation='137.16' angle='1.5707964' width='86.36' depth='15.240749' height='76.2' modelSize='6709' movable='false' jbxsy3dnivasCutOutOnBothSides='true'/> <dkhuy3dnivas level='level-f25834cb-b651-4539-ac4d-6bf8a7c210db' name='4 White Window' creator='Narasimha R' model='62/4%20White%20Window.dae.obj' x='64.66058' y='130.76457' elevation='35.559998' angle='1.5707964' width='167.64' depth='15.240749' height='177.8' modelSize='12721' movable='false' jbxsy3dnivasCutOutOnBothSides='true'/> <psughvfs3dnivas level='level-b777f3cc-50b1-4386-9258-0f5ad10ab0ac' name='Plant 6' creator='Narasimha R' model='39/Plant%206.dae.obj' x='94.89246' y='875.7146' angle='4.712389' width='39.6875' depth='42.545' height='107.314995' modelFlags='2' modelSize='212523'/> <psughvfs3dnivas level='level-b777f3cc-50b1-4386-9258-0f5ad10ab0ac' name='Plant 6' creator='Narasimha R' model='39/Plant%206.dae.obj' x='419.32187' y='874.3813' angle='4.712389' width='39.6875' depth='42.545' height='107.314995' modelFlags='2' modelSize='212523'/> <jbxsy3dnivas id='jbxsy3dnivas-d405e856-3f65-46be-aa63-2dc08f4a980e' level='level-88247858-5aa4-4592-9533-2280b1b01ef7' jbxsy3dnivasAtStart='jbxsy3dnivas-fab0c7ec-e067-4cb7-b77b-7958c516d19f' jbxsy3dnivasAtEnd='jbxsy3dnivas-5d57ec0d-b6da-4ab5-b25c-e1acd52dc234' xStart='450.88126' yStart='10.100017' xEnd='67.333336' yEnd='10.100017' height='121.92' thickness='15.24' pattern='foreground' topColor='FFFFFFFF' leftSideColor='FFF7F9EE' rightSideColor='FFF5F0E8'> <baseboard attribute='leftSideBaseboard' thickness='0.9525' height='6.35'> <twfrs3dnivas name='Marbel for Living Hall 4' width='243.84' height='121.92' image='70'/> </baseboard> </jbxsy3dnivas> <jbxsy3dnivas id='jbxsy3dnivas-fab0c7ec-e067-4cb7-b77b-7958c516d19f' level='level-88247858-5aa4-4592-9533-2280b1b01ef7' jbxsy3dnivasAtEnd='jbxsy3dnivas-d405e856-3f65-46be-aa63-2dc08f4a980e' xStart='450.88123' yStart='575.43634' xEnd='450.88126' yEnd='10.100017' height='121.92' thickness='15.24' pattern='foreground' topColor='FFFFFFFF' rightSideColor='FFF5F0E8'> <twfrs3dnivas attribute='leftSideTexture' name='jbxsy3dnivaspaper TV jbxsy3dnivas Back' creator='Narasimah R' width='91.44' height='60.960003' image='71'/> </jbxsy3dnivas> <jbxsy3dnivas id='jbxsy3dnivas-fcff9a7b-1881-4625-aa22-e540a798ea80' level='level-88247858-5aa4-4592-9533-2280b1b01ef7' jbxsy3dnivasAtStart='jbxsy3dnivas-5d57ec0d-b6da-4ab5-b25c-e1acd52dc234' xStart='67.333336' yStart='575.4363' xEnd='449.54788' yEnd='575.43634' height='121.92' thickness='15.24' pattern='foreground' topColor='FFFFFFFF' leftSideColor='FFF7F9EE' rightSideColor='FFF5F0E8'> <baseboard attribute='leftSideBaseboard' thickness='0.9525' height='6.35'> <twfrs3dnivas name='Marbel for Living Hall 4' width='243.84' height='121.92' image='70'/> </baseboard> </jbxsy3dnivas> <jbxsy3dnivas id='jbxsy3dnivas-d9ac025b-e8f3-4d42-b9ee-45a4af7c4692' level='level-88247858-5aa4-4592-9533-2280b1b01ef7' jbxsy3dnivasAtEnd='jbxsy3dnivas-a12835c5-16a6-46d0-b97b-d90adcf0f16d' xStart='449.54788' yStart='575.43634' xEnd='449.54788' yEnd='908.05334' height='121.92' thickness='15.24' pattern='foreground' topColor='FFFFFFFF' leftSideColor='FFF5F0E8' rightSideColor='FFF5F0E8'/> <jbxsy3dnivas id='jbxsy3dnivas-a12835c5-16a6-46d0-b97b-d90adcf0f16d' level='level-88247858-5aa4-4592-9533-2280b1b01ef7' jbxsy3dnivasAtStart='jbxsy3dnivas-d9ac025b-e8f3-4d42-b9ee-45a4af7c4692' jbxsy3dnivasAtEnd='jbxsy3dnivas-dba8e364-3436-446b-bec8-061deb79795d' xStart='449.54788' yStart='908.05334' xEnd='6.373337' yEnd='908.05334' height='121.92' thickness='15.24' pattern='foreground' topColor='FFFFFFFF' leftSideColor='FFF5F0E8' rightSideColor='FFF5F0E8'/> <jbxsy3dnivas id='jbxsy3dnivas-f3357931-fbbf-4060-a3ef-398fe706bbbe' level='level-b777f3cc-50b1-4386-9258-0f5ad10ab0ac' jbxsy3dnivasAtStart='jbxsy3dnivas-d12e4994-a6a7-4481-9d3f-251b614914d2' jbxsy3dnivasAtEnd='jbxsy3dnivas-ba83190c-c55d-492e-a5cc-dab2e61c879f' xStart='448.21436' yStart='8.76668' xEnd='65.99996' yEnd='8.76668' height='121.92' thickness='15.24' pattern='foreground' topColor='FFFFFFFF' rightSideColor='FFF5F0E8'> <twfrs3dnivas attribute='leftSideTexture' name='jbxsy3dnivaspaper 6' width='142.23999' height='171.82591' image='72'/> </jbxsy3dnivas> <jbxsy3dnivas id='jbxsy3dnivas-0e57b445-e446-4da0-bd29-533a039bb9aa' level='level-b777f3cc-50b1-4386-9258-0f5ad10ab0ac' jbxsy3dnivasAtStart='jbxsy3dnivas-ceeca2bc-ec6c-408d-b358-49522a6ae029' xStart='65.99996' yStart='802.7219' xEnd='344.83765' yEnd='802.7219' height='121.92' thickness='15.24' pattern='foreground' topColor='FFFFFFFF' rightSideColor='FFF5F0E8'> <twfrs3dnivas attribute='leftSideTexture' name='Kitchen Tiles 1' creator='Narasimha R' width='50.8' height='58.5216' image='74'/> </jbxsy3dnivas> <jbxsy3dnivas id='jbxsy3dnivas-d12e4994-a6a7-4481-9d3f-251b614914d2' level='level-b777f3cc-50b1-4386-9258-0f5ad10ab0ac' jbxsy3dnivasAtStart='jbxsy3dnivas-5e4e069a-cf71-4e50-b7b7-57f355a4eb8a' jbxsy3dnivasAtEnd='jbxsy3dnivas-f3357931-fbbf-4060-a3ef-398fe706bbbe' xStart='448.21432' yStart='395.8267' xEnd='448.21436' yEnd='8.76668' height='121.92' thickness='15.24' pattern='foreground' topColor='FFFFFFFF' leftSideColor='FFD9DED8' rightSideColor='FFF5F0E8'/> <jbxsy3dnivas id='jbxsy3dnivas-ef621ea1-ac94-4ab5-a174-3b921583f290' level='level-b777f3cc-50b1-4386-9258-0f5ad10ab0ac' xStart='67.333305' yStart='574.1033' xEnd='318.7972' yEnd='574.1033' height='121.92' thickness='15.24' pattern='foreground' topColor='FFFFFFFF' leftSideColor='FFF5F0E8'> <twfrs3dnivas attribute='rightSideTexture' name='Kitchen Tiles 1' creator='Narasimha R' width='50.8' height='58.5216' image='74'/> </jbxsy3dnivas> <jbxsy3dnivas id='jbxsy3dnivas-6b6a72e1-d6f3-4792-8b6f-8e9babe939d2' level='level-b777f3cc-50b1-4386-9258-0f5ad10ab0ac' jbxsy3dnivasAtStart='jbxsy3dnivas-9e0a0e06-ef08-4230-97a0-97a457b53c8d' xStart='448.21436' yStart='804.05524' xEnd='344.83765' yEnd='804.05524' height='121.92' thickness='15.24' pattern='foreground' topColor='FFFFFFFF' leftSideColor='FFF5F0E8'> <twfrs3dnivas attribute='rightSideTexture' name='Pooja room' creator='Narasimha R' width='81.28' height='54.186665' image='3'/> </jbxsy3dnivas> <jbxsy3dnivas id='jbxsy3dnivas-fccbd008-db14-4bc0-a548-7ae80dc5ddd9' level='level-b777f3cc-50b1-4386-9258-0f5ad10ab0ac' jbxsy3dnivasAtEnd='jbxsy3dnivas-b07e38d4-919f-4598-84e1-775392cc9615' xStart='65.99996' yStart='268.76648' xEnd='264.13013' yEnd='268.76648' height='121.92' thickness='15.24' pattern='foreground' topColor='FFFFFFFF' leftSideColor='FFD9DED8'> <twfrs3dnivas attribute='rightSideTexture' name='Bathroom Tiles' creator='Narasimha R' width='121.92' height='121.91998' image='73'/> </jbxsy3dnivas> <jbxsy3dnivas id='jbxsy3dnivas-b07e38d4-919f-4598-84e1-775392cc9615' level='level-b777f3cc-50b1-4386-9258-0f5ad10ab0ac' jbxsy3dnivasAtStart='jbxsy3dnivas-fccbd008-db14-4bc0-a548-7ae80dc5ddd9' jbxsy3dnivasAtEnd='jbxsy3dnivas-dc1fa3fe-690f-4a4f-b807-51b9b59ed3a5' xStart='264.13013' yStart='268.76648' xEnd='264.13013' yEnd='395.8267' height='121.92' thickness='15.24' pattern='foreground' topColor='FFFFFFFF' leftSideColor='FFD9DED8'> <twfrs3dnivas attribute='rightSideTexture' name='Bathroom Tiles' creator='Narasimha R' width='121.92' height='121.91998' image='73'/> </jbxsy3dnivas> <jbxsy3dnivas id='jbxsy3dnivas-dc1fa3fe-690f-4a4f-b807-51b9b59ed3a5' level='level-b777f3cc-50b1-4386-9258-0f5ad10ab0ac' jbxsy3dnivasAtStart='jbxsy3dnivas-b07e38d4-919f-4598-84e1-775392cc9615' xStart='264.13013' yStart='395.8267' xEnd='65.99996' yEnd='395.82672' height='121.92' thickness='15.24' pattern='foreground' topColor='FFFFFFFF' leftSideColor='FFF5F0E8'> <twfrs3dnivas attribute='rightSideTexture' name='Bathroom Tiles' creator='Narasimha R' width='121.92' height='121.91998' image='73'/> </jbxsy3dnivas> <jbxsy3dnivas id='jbxsy3dnivas-5e4e069a-cf71-4e50-b7b7-57f355a4eb8a' level='level-b777f3cc-50b1-4386-9258-0f5ad10ab0ac' jbxsy3dnivasAtEnd='jbxsy3dnivas-d12e4994-a6a7-4481-9d3f-251b614914d2' xStart='264.13013' yStart='395.8267' xEnd='448.21432' yEnd='395.8267' height='121.92' thickness='15.24' pattern='foreground' topColor='FFFFFFFF' leftSideColor='FFD9DED8' rightSideColor='FFF5F0E8'/> <jbxsy3dnivas id='jbxsy3dnivas-9a1076b4-8041-410f-80be-3a1802e34f19' level='level-b777f3cc-50b1-4386-9258-0f5ad10ab0ac' jbxsy3dnivasAtEnd='jbxsy3dnivas-6dcfbf72-0bb7-4c0a-8cc8-f7309d426dc5' xStart='344.83765' yStart='804.05524' xEnd='344.83765' yEnd='698.2616' height='121.92' thickness='15.24' pattern='foreground' topColor='FFFFFFFF' leftSideColor='FFF5F0E8'> <twfrs3dnivas attribute='rightSideTexture' name='Pooja room' creator='Narasimha R' width='81.28' height='54.186665' image='3'/> </jbxsy3dnivas> <jbxsy3dnivas id='jbxsy3dnivas-6dcfbf72-0bb7-4c0a-8cc8-f7309d426dc5' level='level-b777f3cc-50b1-4386-9258-0f5ad10ab0ac' jbxsy3dnivasAtStart='jbxsy3dnivas-9a1076b4-8041-410f-80be-3a1802e34f19' xStart='344.83765' yStart='698.2616' xEnd='448.21436' yEnd='698.2616' height='121.92' thickness='15.24' pattern='foreground' topColor='FFFFFFFF' leftSideColor='FFF5F0E8'> <twfrs3dnivas attribute='rightSideTexture' name='Pooja room' creator='Narasimha R' width='81.28' height='54.186665' image='3'/> </jbxsy3dnivas> <jbxsy3dnivas id='jbxsy3dnivas-6e151731-edf9-4dbb-bb16-53f696a17a49' level='level-f25834cb-b651-4539-ac4d-6bf8a7c210db' jbxsy3dnivasAtStart='jbxsy3dnivas-947e7a2c-a4e4-4a82-9d3a-7bb10324fe77' jbxsy3dnivasAtEnd='jbxsy3dnivas-75a4f429-f0a0-45c1-8124-a5fc73bb2cd2' xStart='446.89157' yStart='7.0600147' xEnd='64.66058' yEnd='7.0600147' height='121.92' thickness='15.24' pattern='foreground' topColor='FFFFFFFF' rightSideColor='FFF5F0E8'> <twfrs3dnivas attribute='leftSideTexture' name='jbxsy3dnivaspaper 6' creator='Narasimha R' width='81.28' height='53.96992' image='75'/> </jbxsy3dnivas> <jbxsy3dnivas id='jbxsy3dnivas-421169bf-1551-4ece-8723-02969bc791ee' level='level-f25834cb-b651-4539-ac4d-6bf8a7c210db' jbxsy3dnivasAtStart='jbxsy3dnivas-f95cc7b9-8e2d-4c13-8495-2b39eac11f95' xStart='64.66058' yStart='893.0139' xEnd='446.89157' yEnd='893.0139' height='121.92' thickness='15.24' pattern='foreground' topColor='FFFFFFFF' leftSideColor='FFF7F9EE' rightSideColor='FFF5F0E8'/> <jbxsy3dnivas id='jbxsy3dnivas-947e7a2c-a4e4-4a82-9d3a-7bb10324fe77' level='level-f25834cb-b651-4539-ac4d-6bf8a7c210db' jbxsy3dnivasAtStart='jbxsy3dnivas-7ffb136d-cd07-409d-b108-a8bf96eafcce' jbxsy3dnivasAtEnd='jbxsy3dnivas-6e151731-edf9-4dbb-bb16-53f696a17a49' xStart='446.89154' yStart='394.12003' xEnd='446.89157' yEnd='7.0600147' height='121.92' thickness='15.24' pattern='foreground' topColor='FFFFFFFF' leftSideColor='FFF7F9EE' rightSideColor='FFF5F0E8'/> <jbxsy3dnivas id='jbxsy3dnivas-96eafc94-1336-40d9-a5a0-1f4819136f27' level='level-f25834cb-b651-4539-ac4d-6bf8a7c210db' jbxsy3dnivasAtEnd='jbxsy3dnivas-41211f58-b674-4ca8-8d3c-f3c042eb381e' xStart='64.66058' yStart='267.0598' xEnd='262.79886' yEnd='267.0598' height='121.92' thickness='15.24' pattern='foreground' topColor='FFFFFFFF' leftSideColor='FFF7F9EE'> <twfrs3dnivas attribute='rightSideTexture' name='Bathroom Tiles' creator='Narasimha R' width='121.92' height='121.91998' image='73'/> </jbxsy3dnivas> <jbxsy3dnivas id='jbxsy3dnivas-41211f58-b674-4ca8-8d3c-f3c042eb381e' level='level-f25834cb-b651-4539-ac4d-6bf8a7c210db' jbxsy3dnivasAtStart='jbxsy3dnivas-96eafc94-1336-40d9-a5a0-1f4819136f27' jbxsy3dnivasAtEnd='jbxsy3dnivas-07f19eba-a8dd-437f-a6d9-53f528ce8e13' xStart='262.79886' yStart='267.0598' xEnd='262.79886' yEnd='394.12003' height='121.92' thickness='15.24' pattern='foreground' topColor='FFFFFFFF' leftSideColor='FFF7F9EE'> <twfrs3dnivas attribute='rightSideTexture' name='Bathroom Tiles' creator='Narasimha R' width='121.92' height='121.91998' image='73'/> </jbxsy3dnivas> <jbxsy3dnivas id='jbxsy3dnivas-07f19eba-a8dd-437f-a6d9-53f528ce8e13' level='level-f25834cb-b651-4539-ac4d-6bf8a7c210db' jbxsy3dnivasAtStart='jbxsy3dnivas-41211f58-b674-4ca8-8d3c-f3c042eb381e' xStart='262.79886' yStart='394.12003' xEnd='64.66058' yEnd='394.12006' height='121.92' thickness='15.24' pattern='foreground' topColor='FFFFFFFF' leftSideColor='FFF5F0E8'> <twfrs3dnivas attribute='rightSideTexture' name='Bathroom Tiles' creator='Narasimha R' width='121.92' height='121.91998' image='73'/> </jbxsy3dnivas> <jbxsy3dnivas id='jbxsy3dnivas-7ffb136d-cd07-409d-b108-a8bf96eafcce' level='level-f25834cb-b651-4539-ac4d-6bf8a7c210db' jbxsy3dnivasAtEnd='jbxsy3dnivas-947e7a2c-a4e4-4a82-9d3a-7bb10324fe77' xStart='264.13013' yStart='394.12003' xEnd='446.89154' yEnd='394.12003' height='121.92' thickness='15.24' pattern='foreground' topColor='FFFFFFFF' leftSideColor='FFF7F9EE' rightSideColor='FFF7F9EE'/> <jbxsy3dnivas id='jbxsy3dnivas-f4131652-a1d7-4baf-9c38-d846e118a9aa' level='level-f25834cb-b651-4539-ac4d-6bf8a7c210db' jbxsy3dnivasAtEnd='jbxsy3dnivas-12431073-5257-4d37-8d44-9a1e52cdd345' xStart='64.66058' yStart='681.7267' xEnd='308.49814' yEnd='680.3934' height='121.92' thickness='15.24' pattern='foreground' topColor='FFFFFFFF'> <twfrs3dnivas attribute='leftSideTexture' name='Bathroom Tiles' creator='Narasimha R' width='121.92' height='121.91998' image='73'/> <twfrs3dnivas attribute='rightSideTexture' name='jbxsy3dnivaspaper 3' creator='Narasimha R' width='81.28' height='81.28' image='76'/> </jbxsy3dnivas> <jbxsy3dnivas id='jbxsy3dnivas-12431073-5257-4d37-8d44-9a1e52cdd345' level='level-f25834cb-b651-4539-ac4d-6bf8a7c210db' jbxsy3dnivasAtStart='jbxsy3dnivas-f4131652-a1d7-4baf-9c38-d846e118a9aa' xStart='308.49814' yStart='680.3934' xEnd='308.49814' yEnd='571.0634' height='121.92' thickness='15.24' pattern='foreground' topColor='FFFFFFFF' rightSideColor='FFF7F9EE'> <twfrs3dnivas attribute='leftSideTexture' name='Bathroom Tiles' creator='Narasimha R' width='121.92' height='121.91998' image='73'/> </jbxsy3dnivas> <jbxsy3dnivas id='jbxsy3dnivas-83f69b8b-7243-4894-8603-0b3b83a31908' level='level-f25834cb-b651-4539-ac4d-6bf8a7c210db' xStart='446.89157' yStart='681.7267' xEnd='446.89157' yEnd='681.7267' height='121.92' thickness='15.24' pattern='foreground' topColor='FFFFFFFF' leftSideColor='FFF5F0E8' rightSideColor='FFF5F0E8'/> <jbxsy3dnivas id='jbxsy3dnivas-5d57ec0d-b6da-4ab5-b25c-e1acd52dc234' level='level-88247858-5aa4-4592-9533-2280b1b01ef7' jbxsy3dnivasAtStart='jbxsy3dnivas-d405e856-3f65-46be-aa63-2dc08f4a980e' jbxsy3dnivasAtEnd='jbxsy3dnivas-fcff9a7b-1881-4625-aa22-e540a798ea80' xStart='67.333336' yStart='10.100017' xEnd='67.333336' yEnd='575.4363' height='121.92' thickness='15.24' pattern='foreground' topColor='FFFFFFFF' leftSideColor='FFF7F9EE' rightSideColor='FFF5F0E8'> <baseboard attribute='leftSideBaseboard' thickness='0.9525' height='6.35'> <twfrs3dnivas name='Marbel for Living Hall 4' width='243.84' height='121.92' image='70'/> </baseboard> </jbxsy3dnivas> <jbxsy3dnivas id='jbxsy3dnivas-ba83190c-c55d-492e-a5cc-dab2e61c879f' level='level-b777f3cc-50b1-4386-9258-0f5ad10ab0ac' jbxsy3dnivasAtStart='jbxsy3dnivas-f3357931-fbbf-4060-a3ef-398fe706bbbe' jbxsy3dnivasAtEnd='jbxsy3dnivas-00c358a6-838a-4206-abf1-842f5b6c50d1' xStart='65.99996' yStart='8.76668' xEnd='65.999954' yEnd='268.76648' height='121.92' thickness='15.24' pattern='foreground' topColor='FFFFFFFF' leftSideColor='FFD9DED8' rightSideColor='FFF5F0E8'/> <jbxsy3dnivas id='jbxsy3dnivas-00c358a6-838a-4206-abf1-842f5b6c50d1' level='level-b777f3cc-50b1-4386-9258-0f5ad10ab0ac' jbxsy3dnivasAtStart='jbxsy3dnivas-ba83190c-c55d-492e-a5cc-dab2e61c879f' jbxsy3dnivasAtEnd='jbxsy3dnivas-81ac5226-3ad6-4ad2-aba4-80744e0fe071' xStart='65.999954' yStart='268.76648' xEnd='65.99995' yEnd='395.8267' height='121.92' thickness='15.24' pattern='foreground' topColor='FFFFFFFF' rightSideColor='FFF5F0E8'> <twfrs3dnivas attribute='leftSideTexture' name='Bathroom Tiles' creator='Narasimha R' width='121.92' height='121.91998' image='73'/> </jbxsy3dnivas> <jbxsy3dnivas id='jbxsy3dnivas-81ac5226-3ad6-4ad2-aba4-80744e0fe071' level='level-b777f3cc-50b1-4386-9258-0f5ad10ab0ac' jbxsy3dnivasAtStart='jbxsy3dnivas-00c358a6-838a-4206-abf1-842f5b6c50d1' jbxsy3dnivasAtEnd='jbxsy3dnivas-ceeca2bc-ec6c-408d-b358-49522a6ae029' xStart='65.99995' yStart='395.8267' xEnd='65.99994' yEnd='572.76996' height='121.92' thickness='15.24' pattern='foreground' topColor='FFFFFFFF' leftSideColor='FFF5F0E8' rightSideColor='FFF5F0E8'/> <jbxsy3dnivas id='jbxsy3dnivas-ceeca2bc-ec6c-408d-b358-49522a6ae029' level='level-b777f3cc-50b1-4386-9258-0f5ad10ab0ac' jbxsy3dnivasAtStart='jbxsy3dnivas-81ac5226-3ad6-4ad2-aba4-80744e0fe071' jbxsy3dnivasAtEnd='jbxsy3dnivas-0e57b445-e446-4da0-bd29-533a039bb9aa' xStart='65.99994' yStart='572.76996' xEnd='65.99996' yEnd='802.7219' height='121.92' thickness='15.24' pattern='foreground' topColor='FFFFFFFF' rightSideColor='FFF5F0E8'> <twfrs3dnivas attribute='leftSideTexture' name='Kitchen Tiles 1' creator='Narasimha R' width='50.8' height='58.5216' image='74'/> </jbxsy3dnivas> <jbxsy3dnivas id='jbxsy3dnivas-988421dc-5448-44ec-aa6e-aac92069afc4' level='level-b777f3cc-50b1-4386-9258-0f5ad10ab0ac' jbxsy3dnivasAtEnd='jbxsy3dnivas-9e0a0e06-ef08-4230-97a0-97a457b53c8d' xStart='448.21432' yStart='395.8267' xEnd='448.21432' yEnd='698.2616' height='121.92' thickness='15.24' pattern='foreground' topColor='FFFFFFFF' leftSideColor='FFF5F0E8' rightSideColor='FFF5F0E8'/> <jbxsy3dnivas id='jbxsy3dnivas-9e0a0e06-ef08-4230-97a0-97a457b53c8d' level='level-b777f3cc-50b1-4386-9258-0f5ad10ab0ac' jbxsy3dnivasAtStart='jbxsy3dnivas-988421dc-5448-44ec-aa6e-aac92069afc4' jbxsy3dnivasAtEnd='jbxsy3dnivas-6b6a72e1-d6f3-4792-8b6f-8e9babe939d2' xStart='448.21432' yStart='698.2616' xEnd='448.21436' yEnd='804.05524' height='121.92' thickness='15.24' pattern='foreground' topColor='FFFFFFFF' leftSideColor='FFF5F0E8'> <twfrs3dnivas attribute='rightSideTexture' name='Pooja room' creator='Narasimha R' width='81.28' height='54.186665' image='3'/> </jbxsy3dnivas> <jbxsy3dnivas id='jbxsy3dnivas-5a3121c7-6637-41f1-8958-b45c6ca408a1' level='level-f25834cb-b651-4539-ac4d-6bf8a7c210db' jbxsy3dnivasAtStart='jbxsy3dnivas-4d6ea0aa-4efb-47b7-85c4-75a53bf80da3' jbxsy3dnivasAtEnd='jbxsy3dnivas-4d6e3969-d85c-4539-a5ee-c80053080f48' xStart='64.660576' yStart='395.8267' xEnd='64.66058' yEnd='580.03687' height='121.92' thickness='15.24' pattern='foreground' topColor='FFFFFFFF' leftSideColor='FFF5F0E8' rightSideColor='FFF5F0E8'/> <jbxsy3dnivas id='jbxsy3dnivas-4d6e3969-d85c-4539-a5ee-c80053080f48' level='level-f25834cb-b651-4539-ac4d-6bf8a7c210db' jbxsy3dnivasAtStart='jbxsy3dnivas-5a3121c7-6637-41f1-8958-b45c6ca408a1' jbxsy3dnivasAtEnd='jbxsy3dnivas-f95cc7b9-8e2d-4c13-8495-2b39eac11f95' xStart='64.66058' yStart='580.03687' xEnd='64.660576' yEnd='681.7267' height='121.92' thickness='15.24' pattern='foreground' topColor='FFFFFFFF' rightSideColor='FFF5F0E8'> <twfrs3dnivas attribute='leftSideTexture' name='Bathroom Tiles' creator='Narasimha R' width='121.92' height='121.91998' image='73'/> </jbxsy3dnivas> <jbxsy3dnivas id='jbxsy3dnivas-f95cc7b9-8e2d-4c13-8495-2b39eac11f95' level='level-f25834cb-b651-4539-ac4d-6bf8a7c210db' jbxsy3dnivasAtStart='jbxsy3dnivas-4d6e3969-d85c-4539-a5ee-c80053080f48' jbxsy3dnivasAtEnd='jbxsy3dnivas-421169bf-1551-4ece-8723-02969bc791ee' xStart='64.660576' yStart='681.7267' xEnd='64.66058' yEnd='893.0139' height='121.92' thickness='15.24' pattern='foreground' topColor='FFFFFFFF' leftSideColor='FFF7F9EE' rightSideColor='FFF5F0E8'/> <jbxsy3dnivas id='jbxsy3dnivas-75a4f429-f0a0-45c1-8124-a5fc73bb2cd2' level='level-f25834cb-b651-4539-ac4d-6bf8a7c210db' jbxsy3dnivasAtStart='jbxsy3dnivas-6e151731-edf9-4dbb-bb16-53f696a17a49' jbxsy3dnivasAtEnd='jbxsy3dnivas-4d6ea0aa-4efb-47b7-85c4-75a53bf80da3' xStart='64.66058' yStart='7.0600147' xEnd='64.660576' yEnd='267.0598' height='121.92' thickness='15.24' pattern='foreground' topColor='FFFFFFFF' leftSideColor='FFF7F9EE' rightSideColor='FFF5F0E8'/> <jbxsy3dnivas id='jbxsy3dnivas-4d6ea0aa-4efb-47b7-85c4-75a53bf80da3' level='level-f25834cb-b651-4539-ac4d-6bf8a7c210db' jbxsy3dnivasAtStart='jbxsy3dnivas-75a4f429-f0a0-45c1-8124-a5fc73bb2cd2' jbxsy3dnivasAtEnd='jbxsy3dnivas-5a3121c7-6637-41f1-8958-b45c6ca408a1' xStart='64.660576' yStart='267.0598' xEnd='64.660576' yEnd='395.8267' height='121.92' thickness='15.24' pattern='foreground' topColor='FFFFFFFF' rightSideColor='FFF5F0E8'> <twfrs3dnivas attribute='leftSideTexture' name='Bathroom Tiles' creator='Narasimha R' width='121.92' height='121.91998' image='73'/> </jbxsy3dnivas> <jbxsy3dnivas id='jbxsy3dnivas-dd39a148-1a49-4d1a-86b4-fc17b6e575f9' level='level-f25834cb-b651-4539-ac4d-6bf8a7c210db' jbxsy3dnivasAtEnd='jbxsy3dnivas-329c198d-240f-4609-b8d9-77761899b344' xStart='308.49814' yStart='680.3934' xEnd='446.89157' yEnd='680.3934' height='121.92' thickness='15.24' pattern='foreground' topColor='FFFFFFFF' leftSideColor='FFF7F9EE'> <twfrs3dnivas attribute='rightSideTexture' name='jbxsy3dnivaspaper 3' creator='Narasimha R' width='81.28' height='81.28' image='76'/> </jbxsy3dnivas> <jbxsy3dnivas id='jbxsy3dnivas-449479d1-8fb7-4f01-8100-16cfb9ac169f' level='level-f25834cb-b651-4539-ac4d-6bf8a7c210db' xStart='64.66058' yStart='893.0139' xEnd='64.66058' yEnd='914.10864' height='121.92' thickness='15.24' pattern='foreground' topColor='FFFFFFFF' leftSideColor='FFF5F0E8' rightSideColor='FFF5F0E8'/> <jbxsy3dnivas id='jbxsy3dnivas-a8ee263f-3be0-4708-843d-c1f0ab7737b7' level='level-b777f3cc-50b1-4386-9258-0f5ad10ab0ac' xStart='65.99994' yStart='911.62683' xEnd='448.21432' yEnd='911.62683' height='7.62' thickness='7.62' pattern='foreground' topColor='FFFFFFFF' leftSideColor='FFF5F0E8' rightSideColor='FFF5F0E8'/> <jbxsy3dnivas id='jbxsy3dnivas-0b39eb47-d530-4f43-9021-667f832fcecf' level='level-88247858-5aa4-4592-9533-2280b1b01ef7' jbxsy3dnivasAtEnd='jbxsy3dnivas-dba8e364-3436-446b-bec8-061deb79795d' xStart='67.333336' yStart='10.100017' xEnd='6.373337' yEnd='10.100017' height='121.92' thickness='15.24' pattern='foreground' topColor='FFFFFFFF' leftSideColor='FFF5F0E8' rightSideColor='FFF5F0E8'/> <jbxsy3dnivas id='jbxsy3dnivas-dba8e364-3436-446b-bec8-061deb79795d' level='level-88247858-5aa4-4592-9533-2280b1b01ef7' jbxsy3dnivasAtStart='jbxsy3dnivas-0b39eb47-d530-4f43-9021-667f832fcecf' jbxsy3dnivasAtEnd='jbxsy3dnivas-a12835c5-16a6-46d0-b97b-d90adcf0f16d' xStart='6.373337' yStart='10.100017' xEnd='6.373337' yEnd='908.05334' height='121.92' thickness='15.24' pattern='foreground' topColor='FFFFFFFF' leftSideColor='FFF5F0E8' rightSideColor='FFF5F0E8'/> <jbxsy3dnivas id='jbxsy3dnivas-641b835c-266b-4f24-a188-cd29731bf344' level='level-b777f3cc-50b1-4386-9258-0f5ad10ab0ac' jbxsy3dnivasAtEnd='jbxsy3dnivas-2dc4d960-1d7b-45b0-83c1-522c556681dd' xStart='65.99996' yStart='804.05524' xEnd='65.99996' yEnd='911.62683' height='121.92' thickness='15.24' pattern='foreground' topColor='FFFFFFFF' leftSideColor='FFF5F0E8' rightSideColor='FFF5F0E8'/> <jbxsy3dnivas id='jbxsy3dnivas-2dc4d960-1d7b-45b0-83c1-522c556681dd' level='level-b777f3cc-50b1-4386-9258-0f5ad10ab0ac' jbxsy3dnivasAtStart='jbxsy3dnivas-641b835c-266b-4f24-a188-cd29731bf344' xStart='65.99996' yStart='911.62683' xEnd='65.99996' yEnd='915.81525' height='121.92' thickness='15.24' pattern='foreground' topColor='FFFFFFFF' leftSideColor='FFF5F0E8' rightSideColor='FFF5F0E8'/> <jbxsy3dnivas id='jbxsy3dnivas-149ea11f-1e6e-4e6c-a6c5-c829c28ba424' level='level-b777f3cc-50b1-4386-9258-0f5ad10ab0ac' jbxsy3dnivasAtEnd='jbxsy3dnivas-b2130c7a-b6e7-4c14-a189-8250719e6768' xStart='448.21436' yStart='804.05524' xEnd='448.21436' yEnd='911.62683' height='121.92' thickness='15.24' pattern='foreground' topColor='FFFFFFFF' leftSideColor='FFF5F0E8' rightSideColor='FFF5F0E8'/> <jbxsy3dnivas id='jbxsy3dnivas-b2130c7a-b6e7-4c14-a189-8250719e6768' level='level-b777f3cc-50b1-4386-9258-0f5ad10ab0ac' jbxsy3dnivasAtStart='jbxsy3dnivas-149ea11f-1e6e-4e6c-a6c5-c829c28ba424' xStart='448.21436' yStart='911.62683' xEnd='448.21436' yEnd='915.81525' height='121.92' thickness='15.24' pattern='foreground' topColor='FFFFFFFF' leftSideColor='FFF5F0E8' rightSideColor='FFF5F0E8'/> <jbxsy3dnivas id='jbxsy3dnivas-329c198d-240f-4609-b8d9-77761899b344' level='level-f25834cb-b651-4539-ac4d-6bf8a7c210db' jbxsy3dnivasAtStart='jbxsy3dnivas-dd39a148-1a49-4d1a-86b4-fc17b6e575f9' jbxsy3dnivasAtEnd='jbxsy3dnivas-b9790341-4d5d-4645-8181-b138ef03e16a' xStart='446.89157' yStart='680.3934' xEnd='446.89157' yEnd='893.0139' height='121.92' thickness='15.24' pattern='foreground' topColor='FFFFFFFF' leftSideColor='FFF5F0E8' rightSideColor='FFF7F9EE'/> <jbxsy3dnivas id='jbxsy3dnivas-b9790341-4d5d-4645-8181-b138ef03e16a' level='level-f25834cb-b651-4539-ac4d-6bf8a7c210db' jbxsy3dnivasAtStart='jbxsy3dnivas-329c198d-240f-4609-b8d9-77761899b344' xStart='446.89157' yStart='893.0139' xEnd='446.89157' yEnd='914.10864' height='121.92' thickness='15.24' pattern='foreground' topColor='FFFFFFFF' leftSideColor='FFF5F0E8' rightSideColor='FFF5F0E8'/> <jbxsy3dnivas id='jbxsy3dnivas-a168827b-9152-4c35-ae56-4d0568b76097' level='level-f25834cb-b651-4539-ac4d-6bf8a7c210db' jbxsy3dnivasAtEnd='jbxsy3dnivas-94277333-eda0-40dd-894d-73af819593fe' xStart='446.89154' yStart='391.45334' xEnd='446.89154' yEnd='680.3934' height='121.92' thickness='15.24' pattern='foreground' topColor='FFFFFFFF' leftSideColor='FFF5F0E8' rightSideColor='FFF7F9EE'/> <jbxsy3dnivas id='jbxsy3dnivas-94277333-eda0-40dd-894d-73af819593fe' level='level-f25834cb-b651-4539-ac4d-6bf8a7c210db' jbxsy3dnivasAtStart='jbxsy3dnivas-a168827b-9152-4c35-ae56-4d0568b76097' xStart='446.89154' yStart='680.3934' xEnd='446.89154' yEnd='688.6333' height='121.92' thickness='15.24' pattern='foreground' topColor='FFFFFFFF' leftSideColor='FFF5F0E8' rightSideColor='FFF7F9EE'/> <jbxsy3dnivas id='jbxsy3dnivas-14f0945e-0f98-474a-8fbc-8b6f11aaf274' level='level-f25834cb-b651-4539-ac4d-6bf8a7c210db' jbxsy3dnivasAtEnd='jbxsy3dnivas-d2905e50-96c1-45c6-9cfd-48e0e3532df6' xStart='64.66058' yStart='572.3966' xEnd='308.49814' yEnd='572.3966' height='121.92' thickness='15.24' pattern='foreground' topColor='FFFFFFFF' leftSideColor='FFF5F0E8'> <twfrs3dnivas attribute='rightSideTexture' name='Bathroom Tiles' creator='Narasimha R' width='121.92' height='121.91998' image='73'/> </jbxsy3dnivas> <jbxsy3dnivas id='jbxsy3dnivas-d2905e50-96c1-45c6-9cfd-48e0e3532df6' level='level-f25834cb-b651-4539-ac4d-6bf8a7c210db' jbxsy3dnivasAtStart='jbxsy3dnivas-14f0945e-0f98-474a-8fbc-8b6f11aaf274' xStart='308.49814' yStart='572.3966' xEnd='316.1351' yEnd='572.3966' height='121.92' thickness='15.24' pattern='foreground' topColor='FFFFFFFF' leftSideColor='FFF5F0E8' rightSideColor='FFF5F0E8'/> <rsgcv3dnivas id='room-01028b87-aed2-4fb7-ab2d-eec988342c63' level='level-88247858-5aa4-4592-9533-2280b1b01ef7' ceilingVisible='false' ceilingFlat='true'> <twfrs3dnivas attribute='floorTexture' name='Wood Floor 1' creator='Narasimha R' width='60.96' height='40.64' image='65'/> <pish3dnivas x='74.95334' y='17.720016'/> <pish3dnivas x='74.95334' y='567.8162'/> <pish3dnivas x='346.04984' y='567.81635'/> <pish3dnivas x='346.04984' y='575.46124'/> <pish3dnivas x='438.08975' y='575.46124'/> <pish3dnivas x='438.08975' y='567.81635'/> <pish3dnivas x='443.26126' y='567.81635'/> <pish3dnivas x='443.26126' y='17.720016'/> </rsgcv3dnivas> <rsgcv3dnivas id='room-a7ef17e2-5116-4a0b-897b-c7366e92b23d' level='level-b777f3cc-50b1-4386-9258-0f5ad10ab0ac' ceilingVisible='false' ceilingFlat='true'> <twfrs3dnivas attribute='floorTexture' name='Wood Floor 1' creator='Narasimha R' width='60.96' height='40.64' image='65'/> <pish3dnivas x='73.620094' y='16.38668'/> <pish3dnivas x='73.620094' y='261.14648'/> <pish3dnivas x='271.75027' y='261.14648'/> <pish3dnivas x='271.75027' y='388.2067'/> <pish3dnivas x='343.38736' y='388.2067'/> <pish3dnivas x='343.38736' y='395.85162'/> <pish3dnivas x='435.42938' y='395.85162'/> <pish3dnivas x='435.42944' y='388.2067'/> <pish3dnivas x='440.59418' y='388.2067'/> <pish3dnivas x='440.59418' y='16.38668'/> </rsgcv3dnivas> <rsgcv3dnivas id='room-ae06f5a3-0df5-4ff2-8f46-63de5b43e41d' level='level-b777f3cc-50b1-4386-9258-0f5ad10ab0ac' ceilingVisible='false' ceilingFlat='true'> <twfrs3dnivas attribute='floorTexture' name='Bathroom Floor 2' creator='Narasimha R' width='81.28' height='53.96992' image='66'/> <pish3dnivas x='256.50995' y='276.38647'/> <pish3dnivas x='256.50995' y='388.2067'/> <pish3dnivas x='244.13011' y='388.2067'/> <pish3dnivas x='73.620094' y='388.20673'/> <pish3dnivas x='73.620094' y='276.38647'/> </rsgcv3dnivas> <rsgcv3dnivas id='room-6c80d3f6-0c6d-4e9c-b7fd-53866febbfa3' level='level-b777f3cc-50b1-4386-9258-0f5ad10ab0ac' ceilingVisible='false' ceilingFlat='true'> <twfrs3dnivas attribute='floorTexture' name='Wood Floor 1' creator='Narasimha R' width='60.96' height='40.64' image='65'/> <pish3dnivas x='343.38736' y='395.80164'/> <pish3dnivas x='343.38736' y='403.4467'/> <pish3dnivas x='317.46387' y='403.4467'/> <pish3dnivas x='317.46387' y='566.4833'/> <pish3dnivas x='317.46387' y='566.4833'/> <pish3dnivas x='317.46387' y='581.72327'/> <pish3dnivas x='73.620094' y='581.72327'/> <pish3dnivas x='73.620094' y='796.43524'/> <pish3dnivas x='440.59418' y='796.43524'/> <pish3dnivas x='440.59418' y='574.10333'/> <pish3dnivas x='440.59418' y='403.4467'/> <pish3dnivas x='435.42944' y='403.4467'/> <pish3dnivas x='435.42938' y='395.80164'/> </rsgcv3dnivas> <rsgcv3dnivas id='room-31e66968-baee-4d4f-b139-d81979ec05cb' level='level-b777f3cc-50b1-4386-9258-0f5ad10ab0ac' ceilingVisible='false'> <twfrs3dnivas attribute='floorTexture' name='Staircase Marbele' width='142.23999' height='94.44736' image='67'/> <pish3dnivas x='73.620094' y='811.67523'/> <pish3dnivas x='440.59418' y='811.67523'/> <pish3dnivas x='440.59436' y='907.81683'/> <pish3dnivas x='73.619965' y='907.81683'/> </rsgcv3dnivas> <rsgcv3dnivas id='room-a134ff55-c1ec-4d2a-bce5-f34d2d10f469' level='level-f25834cb-b651-4539-ac4d-6bf8a7c210db' ceilingVisible='false' ceilingFlat='true'> <twfrs3dnivas attribute='floorTexture' name='Wood Floor 1' creator='Narasimha R' width='60.96' height='40.64' image='65'/> <pish3dnivas x='72.2809' y='14.680016'/> <pish3dnivas x='72.2809' y='259.43982'/> <pish3dnivas x='270.41913' y='259.43982'/> <pish3dnivas x='270.41913' y='386.50003'/> <pish3dnivas x='342.0598' y='386.50003'/> <pish3dnivas x='342.0598' y='394.14496'/> <pish3dnivas x='434.1058' y='394.14496'/> <pish3dnivas x='434.10605' y='386.50003'/> <pish3dnivas x='439.27097' y='386.50003'/> <pish3dnivas x='439.27097' y='14.680016'/> </rsgcv3dnivas> <rsgcv3dnivas id='room-330b2eec-8140-4640-b423-be088b40950e' level='level-f25834cb-b651-4539-ac4d-6bf8a7c210db' ceilingVisible='false' ceilingFlat='true'> <twfrs3dnivas attribute='floorTexture' name='Bathroom Floor 2' width='121.92' height='80.993805' image='68'/> <pish3dnivas x='255.17833' y='274.6798'/> <pish3dnivas x='255.17833' y='386.50003'/> <pish3dnivas x='242.79782' y='386.50003'/> <pish3dnivas x='72.2809' y='386.50006'/> <pish3dnivas x='72.2809' y='274.6798'/> </rsgcv3dnivas> <rsgcv3dnivas id='room-7c852d04-b7e2-4727-9420-e129133293c2' level='level-88247858-5aa4-4592-9533-2280b1b01ef7' ceilingVisible='false' ceilingFlat='true'> <twfrs3dnivas attribute='floorTexture' name='Parking Floor 1' creator='Narasimha R' width='91.44' height='91.439995' image='69'/> <pish3dnivas x='13.993337' y='17.720016'/> <pish3dnivas x='13.993337' y='900.43335'/> <pish3dnivas x='161.18123' y='900.43335'/> <pish3dnivas x='161.18123' y='908.07837'/> <pish3dnivas x='434.74457' y='908.07837'/> <pish3dnivas x='434.74457' y='900.43335'/> <pish3dnivas x='441.9279' y='900.43335'/> <pish3dnivas x='441.9279' y='583.05634'/> <pish3dnivas x='438.0898' y='583.05634'/> <pish3dnivas x='438.0898' y='575.41125'/> <pish3dnivas x='346.04984' y='575.41125'/> <pish3dnivas x='346.04984' y='583.05634'/> <pish3dnivas x='59.713337' y='583.0563'/> <pish3dnivas x='59.713337' y='17.720016'/> </rsgcv3dnivas> <rsgcv3dnivas id='room-4a5a6316-55b2-42fe-ae2b-3f7f20fe9374' level='level-b777f3cc-50b1-4386-9258-0f5ad10ab0ac' ceilingVisible='false' ceilingFlat='true'> <twfrs3dnivas attribute='floorTexture' name='Pooja room' creator='Narasimha R' width='81.28' height='54.186665' image='3'/> <pish3dnivas x='352.56644' y='698.2365'/> <pish3dnivas x='352.56644' y='705.8816'/> <pish3dnivas x='352.45764' y='705.8816'/> <pish3dnivas x='352.45764' y='796.43524'/> <pish3dnivas x='440.59436' y='796.43524'/> <pish3dnivas x='440.59433' y='705.8816'/> <pish3dnivas x='439.4931' y='705.8816'/> <pish3dnivas x='439.49307' y='698.2365'/> </rsgcv3dnivas> <rsgcv3dnivas id='room-6fab0017-d2bf-4f65-8eff-4892405ba5b7' level='level-f25834cb-b651-4539-ac4d-6bf8a7c210db' ceilingVisible='false' ceilingFlat='true'> <twfrs3dnivas attribute='floorTexture' name='Wood Floor 1' creator='Narasimha R' width='60.96' height='40.64' image='65'/> <pish3dnivas x='336.19998' y='680.3682'/> <pish3dnivas x='336.19998' y='688.01337'/> <pish3dnivas x='308.52756' y='688.01337'/> <pish3dnivas x='72.28058' y='689.3051'/> <pish3dnivas x='72.28059' y='885.3939'/> <pish3dnivas x='439.27158' y='885.3939'/> <pish3dnivas x='439.27158' y='688.6333'/> <pish3dnivas x='439.27155' y='688.6333'/> <pish3dnivas x='439.27155' y='688.01337'/> <pish3dnivas x='428.23996' y='688.01337'/> <pish3dnivas x='428.23996' y='680.3682'/> </rsgcv3dnivas> <rsgcv3dnivas id='room-f64bf25b-3ce8-40d6-8e8f-fb1bb3df5817' level='level-f25834cb-b651-4539-ac4d-6bf8a7c210db' ceilingVisible='false' ceilingFlat='true'> <twfrs3dnivas attribute='floorTexture' name='Bathroom Floor 2' width='121.92' height='80.993805' image='68'/> <pish3dnivas x='72.28059' y='580.0166'/> <pish3dnivas x='72.28059' y='580.03687'/> <pish3dnivas x='72.28058' y='674.06494'/> <pish3dnivas x='300.87814' y='672.81494'/> <pish3dnivas x='300.87814' y='666.3375'/> <pish3dnivas x='308.52313' y='666.3375'/> <pish3dnivas x='308.52313' y='589.6376'/> <pish3dnivas x='300.87814' y='589.6375'/> <pish3dnivas x='300.87814' y='580.0166'/> </rsgcv3dnivas> <rsgcv3dnivas id='room-d4c61f7b-ece7-438c-baac-09330ed1e308' level='level-f25834cb-b651-4539-ac4d-6bf8a7c210db' ceilingVisible='false' ceilingFlat='true'> <twfrs3dnivas attribute='floorTexture' name='Wood Floor 1' creator='Narasimha R' width='60.96' height='40.64' image='65'/> <pish3dnivas x='334.19995' y='394.09512'/> <pish3dnivas x='334.19995' y='401.74002'/> <pish3dnivas x='318.7972' y='401.74002'/> <pish3dnivas x='316.1351' y='564.7766'/> <pish3dnivas x='316.1351' y='580.0166'/> <pish3dnivas x='316.11813' y='580.0166'/> <pish3dnivas x='316.11813' y='589.6376'/> <pish3dnivas x='308.47314' y='589.6376'/> <pish3dnivas x='308.47314' y='666.3375'/> <pish3dnivas x='316.11813' y='666.3375'/> <pish3dnivas x='316.11813' y='672.7734'/> <pish3dnivas x='336.19995' y='672.7734'/> <pish3dnivas x='336.19995' y='680.4183'/> <pish3dnivas x='428.24' y='680.4183'/> <pish3dnivas x='428.24' y='672.7734'/> <pish3dnivas x='439.27155' y='672.7734'/> <pish3dnivas x='439.27155' y='401.74002'/> <pish3dnivas x='426.24' y='401.74002'/> <pish3dnivas x='426.24' y='394.09512'/> </rsgcv3dnivas> <dhstyws3dnivas id='dhstyws3dnivas-52df4334-fab3-4133-af3e-0a279f04bea2' level='level-88247858-5aa4-4592-9533-2280b1b01ef7' xStart='74.95334' yStart='17.720016' xEnd='443.25333' yEnd='17.720016' offset='88.99121' visibleIn3D='true'> <textStyle attribute='lengthStyle' fontSize='18.0'/> </dhstyws3dnivas> <dhstyws3dnivas id='dhstyws3dnivas-74bf8daa-0fac-4fda-aa13-01bdf16e71d2' level='level-88247858-5aa4-4592-9533-2280b1b01ef7' xStart='74.95334' yStart='567.8163' xEnd='74.95334' yEnd='16.636292' offset='84.32037' visibleIn3D='true'> <textStyle attribute='lengthStyle' fontSize='18.0'/> </dhstyws3dnivas> <dhstyws3dnivas id='dhstyws3dnivas-79f35fbf-9d76-4fc4-bfe0-64994b47faa9' level='level-88247858-5aa4-4592-9533-2280b1b01ef7' xStart='441.9279' yStart='900.43335' xEnd='441.9279' yEnd='582.93335' offset='-31.987518' visibleIn3D='true'> <textStyle attribute='lengthStyle' fontSize='18.0'/> </dhstyws3dnivas> <dhstyws3dnivas id='dhstyws3dnivas-d3be85cc-05ea-4d7c-9bf8-003051c435c7' level='level-88247858-5aa4-4592-9533-2280b1b01ef7' xStart='13.993337' yStart='17.720016' xEnd='59.713337' yEnd='17.720016' offset='215.31575' visibleIn3D='true'> <textStyle attribute='lengthStyle' fontSize='18.0'/> </dhstyws3dnivas> <dhstyws3dnivas id='dhstyws3dnivas-ebbfe151-a814-41dd-b129-9fd50ebdbe56' level='level-88247858-5aa4-4592-9533-2280b1b01ef7' xStart='13.993337' yStart='900.43335' xEnd='440.71335' yEnd='900.43335' offset='-20.730896' visibleIn3D='true'> <textStyle attribute='lengthStyle' fontSize='18.0'/> </dhstyws3dnivas> <dhstyws3dnivas id='dhstyws3dnivas-2d72c3e5-1b84-4bb9-a3fa-fc5938ef1fb3' level='level-88247858-5aa4-4592-9533-2280b1b01ef7' xStart='59.713337' yStart='583.0563' xEnd='440.71335' yEnd='583.05634' offset='13.979487' visibleIn3D='true'> <textStyle attribute='lengthStyle' fontSize='18.0'/> </dhstyws3dnivas> <dhstyws3dnivas id='dhstyws3dnivas-0d85d948-38b8-48ea-9208-0589b9c09af4' level='level-88247858-5aa4-4592-9533-2280b1b01ef7' xStart='-1.2466631' yStart='915.67334' xEnd='-1.2466631' yEnd='1.2733765' offset='-18.146297' visibleIn3D='true'> <textStyle attribute='lengthStyle' fontSize='18.0'/> </dhstyws3dnivas> <dhstyws3dnivas id='dhstyws3dnivas-0572939b-12b0-4c7f-922d-f40401510681' level='level-88247858-5aa4-4592-9533-2280b1b01ef7' xStart='-1.2466631' yStart='2.4800167' xEnd='455.9533' yEnd='2.4800167' offset='-22.087866' visibleIn3D='true'> <textStyle attribute='lengthStyle' fontSize='18.0'/> </dhstyws3dnivas> <dhstyws3dnivas id='dhstyws3dnivas-b1386f11-b09f-4d0b-b224-d75949dd4ee3' level='level-b777f3cc-50b1-4386-9258-0f5ad10ab0ac' xStart='398.8167' yStart='388.2067' xEnd='398.81674' yEnd='17.3667' offset='-18.653973' visibleIn3D='true'> <textStyle attribute='lengthStyle' fontSize='18.0'/> </dhstyws3dnivas> <dhstyws3dnivas id='dhstyws3dnivas-8f86fb7c-bfa0-424f-8560-ba832aa0953a' level='level-b777f3cc-50b1-4386-9258-0f5ad10ab0ac' xStart='271.75012' yStart='388.2067' xEnd='439.39014' yEnd='388.2067' offset='-15.814545' visibleIn3D='true'> <textStyle attribute='lengthStyle' fontSize='18.0'/> </dhstyws3dnivas> <dhstyws3dnivas id='dhstyws3dnivas-a5403136-14c6-4175-8239-ebc74026283c' level='level-b777f3cc-50b1-4386-9258-0f5ad10ab0ac' xStart='271.75012' yStart='388.2067' xEnd='271.75012' yEnd='261.2067' offset='16.856934' visibleIn3D='true'> <textStyle attribute='lengthStyle' fontSize='18.0'/> </dhstyws3dnivas> <dhstyws3dnivas id='dhstyws3dnivas-6b1b7167-5be9-424f-918a-3922852aa505' level='level-b777f3cc-50b1-4386-9258-0f5ad10ab0ac' xStart='73.61996' yStart='261.14648' xEnd='271.73996' yEnd='261.14648' offset='-11.421005' visibleIn3D='true'> <textStyle attribute='lengthStyle' fontSize='18.0'/> </dhstyws3dnivas> <dhstyws3dnivas id='dhstyws3dnivas-6e4807b2-9216-456d-b460-5b7d62234329' level='level-b777f3cc-50b1-4386-9258-0f5ad10ab0ac' xStart='73.619965' yStart='16.38668' xEnd='439.37997' yEnd='16.38668' offset='21.338799' visibleIn3D='true'> <textStyle attribute='lengthStyle' fontSize='18.0'/> </dhstyws3dnivas> <dhstyws3dnivas id='dhstyws3dnivas-b8959c6d-0d3e-47c9-acaf-c6ad1f68840c' level='level-b777f3cc-50b1-4386-9258-0f5ad10ab0ac' xStart='320.60706' yStart='436.39215' xEnd='439.98706' yEnd='436.39215' offset='0.0' visibleIn3D='true'> <textStyle attribute='lengthStyle' fontSize='18.0'/> </dhstyws3dnivas> <dhstyws3dnivas id='dhstyws3dnivas-7e20c71d-f2d1-44f6-88be-5654e56c9746' level='level-b777f3cc-50b1-4386-9258-0f5ad10ab0ac' xStart='440.59433' yStart='705.8816' xEnd='440.59436' yEnd='797.3216' offset='9.320596' visibleIn3D='true'> <textStyle attribute='lengthStyle' fontSize='18.0'/> </dhstyws3dnivas> <dhstyws3dnivas id='dhstyws3dnivas-6938c15e-5d05-4518-b244-bb2fcbfc3537' level='level-b777f3cc-50b1-4386-9258-0f5ad10ab0ac' xStart='353.79214' yStart='796.43524' xEnd='440.15216' yEnd='796.43524' offset='-18.709778' visibleIn3D='true'> <textStyle attribute='lengthStyle' fontSize='18.0'/> </dhstyws3dnivas> <dhstyws3dnivas id='dhstyws3dnivas-25d85a97-5fd5-4080-94a4-d8a710329f1f' level='level-b777f3cc-50b1-4386-9258-0f5ad10ab0ac' xStart='73.61994' yStart='581.72327' xEnd='319.99994' yEnd='581.72327' offset='13.335571' visibleIn3D='true'> <textStyle attribute='lengthStyle' fontSize='18.0'/> </dhstyws3dnivas> <dhstyws3dnivas id='dhstyws3dnivas-19ac4a51-1b7d-4666-9afe-10d09a21a42b' level='level-b777f3cc-50b1-4386-9258-0f5ad10ab0ac' xStart='73.619965' yStart='795.1019' xEnd='337.77997' yEnd='795.1019' offset='-65.376465' visibleIn3D='true'> <textStyle attribute='lengthStyle' fontSize='18.0'/> </dhstyws3dnivas> <dhstyws3dnivas id='dhstyws3dnivas-4302caea-a8eb-4b15-b08b-834b226c3760' level='level-b777f3cc-50b1-4386-9258-0f5ad10ab0ac' xStart='73.61994' yStart='581.72327' xEnd='73.619965' yEnd='795.08325' offset='-69.65377' visibleIn3D='true'> <textStyle attribute='lengthStyle' fontSize='18.0'/> </dhstyws3dnivas> <dhstyws3dnivas id='dhstyws3dnivas-7cec2d77-cbd9-4168-81a1-e4c0dd0a7663' level='level-b777f3cc-50b1-4386-9258-0f5ad10ab0ac' xStart='440.59436' yStart='907.81683' xEnd='440.59436' yEnd='811.2968' offset='-15.987305' visibleIn3D='true'> <textStyle attribute='lengthStyle' fontSize='18.0'/> </dhstyws3dnivas> <dhstyws3dnivas id='dhstyws3dnivas-74c70373-1d86-4784-8eea-277a790ce50a' level='level-b777f3cc-50b1-4386-9258-0f5ad10ab0ac' xStart='73.54291' yStart='908.3178' xEnd='439.30292' yEnd='908.3178' offset='-6.592346' visibleIn3D='true'> <textStyle attribute='lengthStyle' fontSize='18.0'/> </dhstyws3dnivas> <dhstyws3dnivas id='dhstyws3dnivas-6948dda0-8067-4bb1-b9ec-f7af4fcdf527' level='level-b777f3cc-50b1-4386-9258-0f5ad10ab0ac' xStart='73.61996' yStart='276.38647' xEnd='256.49997' yEnd='276.38647' offset='8.005676' visibleIn3D='true'> <textStyle attribute='lengthStyle' fontSize='18.0'/> </dhstyws3dnivas> <dhstyws3dnivas id='dhstyws3dnivas-b0ee0f3f-7330-452e-97bb-336898e6b4bc' level='level-b777f3cc-50b1-4386-9258-0f5ad10ab0ac' xStart='256.51013' yStart='388.2067' xEnd='256.51013' yEnd='276.44672' offset='-15.903076' visibleIn3D='true'> <textStyle attribute='lengthStyle' fontSize='18.0'/> </dhstyws3dnivas> <dhstyws3dnivas id='dhstyws3dnivas-6d531941-74fc-47b2-980d-98ee91847246' level='level-f25834cb-b651-4539-ac4d-6bf8a7c210db' xStart='439.27155' yStart='386.50003' xEnd='439.27158' yEnd='15.660034' offset='-19.997808' visibleIn3D='true'> <textStyle attribute='lengthStyle' fontSize='18.0'/> </dhstyws3dnivas> <dhstyws3dnivas id='dhstyws3dnivas-5286d689-0367-4658-823d-b2fcbe8dde99' level='level-f25834cb-b651-4539-ac4d-6bf8a7c210db' xStart='270.41885' yStart='386.50003' xEnd='438.05884' yEnd='386.50003' offset='-11.783325' visibleIn3D='true'> <textStyle attribute='lengthStyle' fontSize='18.0'/> </dhstyws3dnivas> <dhstyws3dnivas id='dhstyws3dnivas-63b93581-c4aa-428d-beb6-4ad11f5f5bdb' level='level-f25834cb-b651-4539-ac4d-6bf8a7c210db' xStart='72.28058' yStart='274.6798' xEnd='255.16058' yEnd='274.6798' offset='13.370239' visibleIn3D='true'> <textStyle attribute='lengthStyle' fontSize='18.0'/> </dhstyws3dnivas> <dhstyws3dnivas id='dhstyws3dnivas-2787c2f6-f5ca-4659-a3d1-2999633b6d80' level='level-f25834cb-b651-4539-ac4d-6bf8a7c210db' xStart='255.17886' yStart='386.50003' xEnd='255.17886' yEnd='274.74005' offset='-18.571808' visibleIn3D='true'> <textStyle attribute='lengthStyle' fontSize='18.0'/> </dhstyws3dnivas> <dhstyws3dnivas id='dhstyws3dnivas-4095a65c-d5ef-4f86-809c-32bed9088136' level='level-f25834cb-b651-4539-ac4d-6bf8a7c210db' xStart='72.28058' yStart='259.43982' xEnd='72.28059' yEnd='15.599823' offset='14.993114' visibleIn3D='true'> <textStyle attribute='lengthStyle' fontSize='18.0'/> </dhstyws3dnivas> <dhstyws3dnivas id='dhstyws3dnivas-ff09994a-3051-41a3-9822-cf4699606a90' level='level-f25834cb-b651-4539-ac4d-6bf8a7c210db' xStart='72.28059' yStart='264.01303' xEnd='438.0406' yEnd='264.01303' offset='-9.296646' visibleIn3D='true'> <textStyle attribute='lengthStyle' fontSize='18.0'/> </dhstyws3dnivas> <dhstyws3dnivas id='dhstyws3dnivas-253c7b08-75a6-4497-9fe1-02bd90206f21' level='level-f25834cb-b651-4539-ac4d-6bf8a7c210db' xStart='316.11813' yStart='672.7734' xEnd='438.03815' yEnd='672.7734' offset='-11.390015' visibleIn3D='true'> <textStyle attribute='lengthStyle' fontSize='18.0'/> </dhstyws3dnivas> <dhstyws3dnivas id='dhstyws3dnivas-388ec441-96b0-42c3-95c9-f6c02a1997a5' level='level-f25834cb-b651-4539-ac4d-6bf8a7c210db' xStart='439.27155' yStart='672.7734' xEnd='439.27155' yEnd='400.99338' offset='-15.997803' visibleIn3D='true'> <textStyle attribute='lengthStyle' fontSize='18.0'/> </dhstyws3dnivas> <dhstyws3dnivas id='dhstyws3dnivas-d3721d6c-8360-4cc0-8899-d781b9dd11a1' level='level-f25834cb-b651-4539-ac4d-6bf8a7c210db' xStart='320.60706' yStart='432.05005' xEnd='437.44705' yEnd='432.05005' offset='0.0' visibleIn3D='true'> <textStyle attribute='lengthStyle' fontSize='18.0'/> </dhstyws3dnivas> <dhstyws3dnivas id='dhstyws3dnivas-b2f537e7-9965-4937-a490-ded3a9b3637d' level='level-f25834cb-b651-4539-ac4d-6bf8a7c210db' xStart='72.28059' yStart='885.3939' xEnd='438.0406' yEnd='885.3939' offset='-9.343872' visibleIn3D='true'> <textStyle attribute='lengthStyle' fontSize='18.0'/> </dhstyws3dnivas> <dhstyws3dnivas id='dhstyws3dnivas-4e44fa2a-59ac-4d28-8938-b3590f2b363e' level='level-f25834cb-b651-4539-ac4d-6bf8a7c210db' xStart='439.27155' yStart='688.01337' xEnd='439.27158' yEnd='886.13336' offset='15.997815' visibleIn3D='true'> <textStyle attribute='lengthStyle' fontSize='18.0'/> </dhstyws3dnivas> <dhstyws3dnivas id='dhstyws3dnivas-a0c0f2fa-7df2-44c9-9a00-33f36c63679c' level='level-f25834cb-b651-4539-ac4d-6bf8a7c210db' xStart='72.28058' yStart='674.06494' xEnd='300.87714' yEnd='672.81494' offset='-5.07251' visibleIn3D='true'> <textStyle attribute='lengthStyle' fontSize='18.0'/> </dhstyws3dnivas> <dhstyws3dnivas id='dhstyws3dnivas-524f560c-c65a-436a-bee8-31768d13fcb6' level='level-f25834cb-b651-4539-ac4d-6bf8a7c210db' xStart='298.8458' yStart='672.0237' xEnd='298.8458' yEnd='580.5837' offset='-8.905426' visibleIn3D='true'> <textStyle attribute='lengthStyle' fontSize='18.0'/> </dhstyws3dnivas> <dhstyws3dnivas id='dhstyws3dnivas-39f405c5-d7ec-4eb9-b6b3-f46dd63add15' level='level-88247858-5aa4-4592-9533-2280b1b01ef7' xStart='316.1986' yStart='566.58466' xEnd='316.1986' yEnd='485.30463' offset='5.3333435' visibleIn3D='true'> <textStyle attribute='lengthStyle' fontSize='18.0'/> </dhstyws3dnivas> <dhstyws3dnivas id='dhstyws3dnivas-48682ccf-1a11-4555-b03a-a8f18fce9ff6' level='level-88247858-5aa4-4592-9533-2280b1b01ef7' xStart='216.19873' yStart='403.9179' xEnd='239.05873' yEnd='403.9179' offset='0.0' visibleIn3D='true'> <textStyle attribute='lengthStyle' fontSize='18.0'/> </dhstyws3dnivas> <dhstyws3dnivas id='dhstyws3dnivas-fdc36c6a-83bc-4f62-9040-22f41c0cef8f' level='level-b777f3cc-50b1-4386-9258-0f5ad10ab0ac' xStart='-2.094617' yStart='498.5846' xEnd='58.86538' yEnd='498.5846' offset='0.0' pitch='-1.5707964' visibleIn3D='true'> <textStyle attribute='lengthStyle' fontSize='18.0'/> </dhstyws3dnivas> </home>